"symbol","d1","d7","d30","runup","bars","price"
"BTCUSDT","0.5","-0.4","7.3","15.9","31","64447"
"ETHUSDT","0.8","0.4","19.1","29.6","31","1878.79"
"BCHUSDT","-0.4","-2.5","6.3","37.9","31","209.71"
"XRPUSDT","0.6","0.2","4.8","17.4","31","1.0991"
"LTCUSDT","0.6","-0.9","11.3","20.3","31","46.62"
"TRXUSDT","0.2","1.4","3.5","6.3","31","0.33147"
"ETCUSDT","2.2","-3.5","-7.4","9.4","31","6.711"
"LINKUSDT","0.5","0.2","14.3","25","31","8.397"
"XLMUSDT","0.2","-5.2","0.3","27.9","31","0.17826"
"ADAUSDT","0.5","-0.5","11.3","44.5","31","0.1652"
"XMRUSDT","0.1","8.4","13.8","23.4","31","365.3"
"DASHUSDT","1.6","-5.1","-4.7","17.8","31","32.59"
"ZECUSDT","0.1","-11","16.4","60.1","31","487.72"
"XTZUSDT","-1.5","0.1","3.5","36.6","31","0.2234"
"BNBUSDT","0.9","-0.1","0.5","10.5","31","570.63"
"ATOMUSDT","-0.9","-6.2","-13.2","10.2","31","1.383"
"ONTUSDT","1.5","-2.8","-2.8","17.4","31","0.04144"
"IOTAUSDT","0.4","-3.2","-9.7","26.8","31","0.03464"
"BATUSDT","-0.2","-1.9","-10.3","22.5","31","0.07601"
"VETUSDT","-0.4","0.4","4","18.6","31","0.00467"
"NEOUSDT","-0.8","-4.3","1.8","14.4","31","1.966"
"QTUMUSDT","0.1","-4.8","0.5","14.8","31","0.6824"
"IOSTUSDT","1","-1.2","-9.9","10.3","31","0.0006472"
"THETAUSDT","2.2","0.5","3.4","29","31","0.1369"
"ALGOUSDT","-2.3","1.4","1.4","14.9","31","0.08404"
"ZILUSDT","-0.7","-5.9","-15.9","21.3","31","0.002485"
"KNCUSDT","1.8","1.5","3.4","18","31","0.1117"
"ZRXUSDT","-0.1","-0.7","7.1","28.7","31","0.0834"
"COMPUSDT","0.7","2.4","7.9","19","31","17.33"
"DOGEUSDT","3","-0.8","-5.2","14.3","31","0.07179"
"KAVAUSDT","0.3","1.7","5.5","17","31","0.04552"
"BANDUSDT","-0.7","-4.1","6.2","31.6","31","0.156"
"RLCUSDT","-0.8","-1.5","-6.4","18.9","31","0.2739"
"SNXUSDT","-2.2","-7.9","6.3","33","31","0.2133"
"DOTUSDT","1.2","-0.3","-4.3","14.2","31","0.8167"
"YFIUSDT","-0.4","-2.7","23.6","78.5","31","2065"
"CRVUSDT","-0.2","-4","5","27","31","0.2029"
"TRBUSDT","0","-1.8","8.2","50.8","31","14.602"
"RUNEUSDT","1.7","-3.6","6.9","23.1","31","0.4267"
"SUSHIUSDT","-0.4","-2.5","11.3","26.8","31","0.1649"
"EGLDUSDT","-2.6","-11.1","10.1","50.7","31","2.822"
"SOLUSDT","1","-2","4.1","27.5","31","74.85"
"ICXUSDT","1","-0.1","-8.5","12.1","31","0.02288"
"STORJUSDT","1.4","0.2","2.6","32.9","31","0.07349"
"UNIUSDT","-3.1","4.6","24.2","43","31","3.678"
"AVAXUSDT","7","4.5","1.9","19.4","31","6.752"
"ENJUSDT","0.1","-3.2","-10.2","16.4","31","0.02688"
"KSMUSDT","1.4","-2.1","-1","27.8","31","3.098"
"NEARUSDT","-0.8","-6.5","-0.6","22.9","31","1.792"
"AAVEUSDT","0","2.9","-3.1","26.7","31","92.15"
"FILUSDT","2.1","2.2","-1.1","16.7","31","0.7355"
"RSRUSDT","0.2","0.7","2.6","28.2","31","0.001218"
"BELUSDT","0.6","0.8","-47.3","72.9","31","0.10234"
"AXSUSDT","0.1","-4.2","-11.3","14.1","31","0.889"
"ZENUSDT","2.1","-1.7","-0.7","16.2","31","4.1"
"SKLUSDT","-3.1","-8.1","7.4","83.2","31","0.003793"
"GRTUSDT","2.4","-1.5","-10","13","31","0.01619"
"1INCHUSDT","-4.7","10.8","18.9","36.1","31","0.08179"
"CHZUSDT","1.1","-3.8","-20.5","14.5","31","0.01427"
"SANDUSDT","0.5","-3.5","-4.9","18.1","31","0.04506"
"ANKRUSDT","0.2","0.5","0.9","27","31","0.003493"
"RVNUSDT","0","-1","-4.7","22.6","31","0.003727"
"SFPUSDT","2.8","3.8","2.4","22.2","31","0.2209"
"COTIUSDT","2","0.7","-15.4","19.5","31","0.007382"
"CHRUSDT","-0.2","-11","-14","32.7","31","0.01324"
"MANAUSDT","-0.3","-1","3.6","30.1","31","0.06808"
"ALICEUSDT","-1.7","1.2","1.3","38.9","31","0.1207"
"HBARUSDT","0.3","6.3","-0.2","14.1","31","0.07071"
"ONEUSDT","-3","14","2.6","53.9","31","0.001276"
"CELRUSDT","0.1","-0.1","-13.3","11.3","31","0.001658"
"HOTUSDT","0.4","-0.6","13.8","46.3","31","0.0003356"
"MTLUSDT","0.1","-1","-5.4","12.7","31","0.2188"
"OGNUSDT","1.6","-1.7","10.6","62.7","31","0.01678"
"1000SHIBUSDT","16.7","17.7","14.9","28.5","31","0.004878"
"GTCUSDT","4.6","3.6","-0.4","34.8","31","0.06891"
"BTCDOMUSDT","-0.4","-0.2","-1.7","5.2","31","5536.6"
"IOTXUSDT","1.1","-0.6","-18.2","19.1","31","0.002321"
"C98USDT","0.9","0.9","-0.5","22.4","31","0.01269"
"MASKUSDT","-1.4","-3.4","-4.4","19.3","31","0.3729"
"DYDXUSDT","-1.1","3.4","-22.9","80.3","31","0.1233"
"1000XECUSDT","-3.9","-13.6","36.9","116.9","31","0.00697"
"GALAUSDT","0.3","-1.1","-15.2","19","31","0.001988"
"CELOUSDT","-1.2","-2.6","14","41.3","31","0.0677"
"ARUSDT","1","-1.3","-0.7","22.6","31","1.857"
"ARPAUSDT","-0.5","1.3","3.6","76","31","0.008354"
"CTSIUSDT","0.2","-1","1.5","19.6","31","0.0223"
"LPTUSDT","0.6","-1","-8.1","12.3","31","1.421"
"ENSUSDT","-0.1","-3.9","2.6","20","31","4.329"
"PEOPLEUSDT","7.6","7.1","8.2","21.8","31","0.005625"
"ROSEUSDT","-0.5","-1.6","-11.3","16.1","31","0.005296"
"DUSKUSDT","1","-2.6","-18.1","15.4","31","0.06466"
"FLOWUSDT","-0.2","-1.2","-7.3","11.8","31","0.02515"
"IMXUSDT","0.6","-1.6","-0.4","40.9","31","0.124"
"API3USDT","-2.4","2.9","-4.2","18","31","0.2188"
"GMTUSDT","1.9","1.5","-4","17.8","31","0.007183"
"APEUSDT","0.4","0.2","-2.3","28.2","31","0.1443"
"WOOUSDT","-0.1","0.9","11.3","29","31","0.01255"
"JASMYUSDT","1.2","-5.1","-4","18.3","31","0.004376"
"OPUSDT","-0.1","-2.8","-12.6","20","31","0.0923"
"INJUSDT","-2.4","-0.4","4.4","31.3","31","5.087"
"STGUSDT","-0.4","-3.3","-21.5","24.5","31","0.1336"
"SPELLUSDT","0","-2.7","-18.1","37","31","8.22E-05"
"1000LUNCUSDT","0.7","-4","-15.4","15.1","31","0.05407"
"LUNA2USDT","0.3","-5.9","-13.6","17.2","31","0.04312"
"LDOUSDT","-1.3","4.7","48.7","75.3","31","0.3711"
"ICPUSDT","0.8","0.7","-2.5","17.1","31","2.15"
"APTUSDT","1.8","2.7","2.3","17.6","31","0.6114"
"QNTUSDT","-0.5","-1.3","-6.4","9.3","31","63.3"
"FETUSDT","3.7","1.1","-10.9","18.7","31","0.1583"
"MAGICUSDT","-0.5","2.8","1.1","37.5","31","0.04266"
"TUSDT","-3.8","-9.6","3","96.5","31","0.003534"
"MINAUSDT","0.3","2.1","12.1","44.6","31","0.04422"
"ASTRUSDT","0.3","0.3","0.3","15.5","31","0.005105"
"GMXUSDT","-4.4","1.8","17.3","44.4","31","6.68"
"CFXUSDT","0.9","-4.6","2.8","15.7","31","0.04412"
"STXUSDT","-3.4","-16","-18.9","17.7","31","0.1375"
"ACHUSDT","0.3","-4","-7.8","17.6","31","0.004116"
"SSVUSDT","1.7","4","4.2","13.5","31","2.085"
"CKBUSDT","1.5","-0.8","-3.8","15.7","31","0.000893"
"LQTYUSDT","8.5","12.7","-4.1","21.5","31","0.1797"
"USDCUSDT","0","0","0","0.1","31","1.00036"
"IDUSDT","-1.1","-7","-26.3","32.8","31","0.03072"
"ARBUSDT","-0.9","-7.6","10.7","43.8","31","0.08224"
"JOEUSDT","7.2","7.5","-3.2","15.5","31","0.02879"
"TLMUSDT","-7.6","-23.5","90.7","433.7","31","0.001701"
"HFTUSDT","4.4","10.4","9.6","38.6","31","0.00962"
"XVSUSDT","-2.2","3.7","15.3","27.6","31","2.89"
"BLURUSDT","-3","-4.5","0.6","90.9","31","0.01475"
"EDUUSDT","9.4","17.5","15.6","29.9","31","0.03412"
"SUIUSDT","0.2","-4.9","2.1","18.9","31","0.7129"
"1000PEPEUSDT","1","-3.1","15.1","33.7","31","0.0027468"
"1000FLOKIUSDT","4.8","3.9","-0.8","17.3","31","0.022"
"UMAUSDT","1.2","-1.2","-6.7","17.3","31","0.3585"
"NMRUSDT","-0.2","-9","1.8","28.1","31","8.964"
"MAVUSDT","0.2","1.6","-7.3","30.7","31","0.00886"
"XVGUSDT","-0.3","-1.6","-6.9","21.5","31","0.002142"
"WLDUSDT","-0.7","-4.6","-26.3","26.5","31","0.3443"
"PENDLEUSDT","0.5","-5.8","17","40.2","31","1.4884"
"ARKMUSDT","0.1","-0.9","-10.8","17.4","31","0.1058"
"AGLDUSDT","-0.3","0.9","-30.8","129.9","31","0.1493"
"YGGUSDT","1.5","-7.3","-21.3","21.7","31","0.0178"
"DODOXUSDT","-5.8","-7.3","8.8","96.3","31","0.018625"
"BNTUSDT","0.3","-0.4","2.7","18.4","31","0.2727"
"SEIUSDT","2","-3.8","-15.8","12.2","31","0.04472"
"CYBERUSDT","-0.1","-1.9","-8.6","19.2","31","0.3233"
"ARKUSDT","1","0.3","-3.4","39.6","31","0.1032"
"BICOUSDT","0.4","1.3","-36.4","38.4","31","0.01349"
"BIGTIMEUSDT","0.8","-0.4","-15.4","14","31","0.006502"
"WAXPUSDT","1.3","-1.9","-4.8","19.9","31","0.003926"
"BSVUSDT","0.1","0.4","16.8","45.3","31","13.23"
"RIFUSDT","-22.4","-32.1","27.2","203.6","31","0.08583"
"POLYXUSDT","0.6","-1.5","3.5","22.9","31","0.03578"
"GASUSDT","1.2","-4.2","0.1","33.8","31","1.016"
"POWRUSDT","0","-0.1","2.9","58.2","31","0.04319"
"TIAUSDT","-0.2","-6","-10.9","24.4","31","0.3396"
"CAKEUSDT","0.5","0.2","4.9","15.6","31","1.4021"
"MEMEUSDT","1","-1","0.7","40.7","31","0.0005272"
"TWTUSDT","2","1.1","-4.1","13.2","31","0.338"
"ORDIUSDT","2.1","3.9","13.7","48.9","31","3.612"
"STEEMUSDT","0.7","0.4","-0.6","19.6","31","0.03933"
"ILVUSDT","0.4","-0.9","-1.5","24","31","2.888"
"KASUSDT","1.2","-0.9","-0.1","19.1","31","0.02805"
"BEAMXUSDT","-4.9","6.4","19.8","39.6","31","0.001582"
"1000BONKUSDT","4.9","11","-26.7","31.6","31","0.00309"
"PYTHUSDT","-3.6","-11.7","24.8","68.7","31","0.04282"
"SUPERUSDT","0.6","0","-2.3","14.4","31","0.0841"
"USTCUSDT","2","0.7","-5.6","31.9","31","0.005311"
"ONGUSDT","1.6","-5.7","3.2","41.3","31","0.04525"
"ETHWUSDT","-0.2","-1.9","1","43.7","31","0.2343"
"JTOUSDT","-2.7","4.4","-26.1","27.7","31","0.5923"
"1000SATSUSDT","2","-0.7","3.4","26.9","31","9.37E-06"
"AUCTIONUSDT","0.2","-6.1","-8.2","16.2","31","3.118"
"1000RATSUSDT","0","-6.1","-16.9","34.9","31","0.02608"
"ACEUSDT","-19.5","3.7","15","149.1","31","0.08739"
"MOVRUSDT","1.5","-4","5.5","49.9","31","1.256"
"XAIUSDT","-0.1","1.1","-5.3","15.1","31","0.006865"
"WIFUSDT","6.8","-0.4","-0.6","36.2","31","0.1538"
"MANTAUSDT","1.2","-2.5","-26.6","103.2","31","0.06185"
"ONDOUSDT","-0.4","10.7","20.5","40.3","31","0.382"
"LSKUSDT","-1","-5.2","-8.4","18.5","31","0.0803"
"ALTUSDT","0.6","-2.9","6.5","29.6","31","0.00611"
"JUPUSDT","-1.2","-5.5","-20.5","27.5","31","0.1851"
"ZETAUSDT","-0.2","-3.9","-10.2","23","31","0.03232"
"RONINUSDT","-0.5","-3.9","-9.5","19.6","31","0.05168"
"DYMUSDT","-0.4","0.8","-4.2","32.4","31","0.01469"
"PIXELUSDT","-3.1","5.4","-9.3","32.5","31","0.004572"
"STRKUSDT","3","4.1","3.8","15.8","31","0.0299"
"GLMUSDT","-0.1","0.6","3","33.5","31","0.09952"
"PORTALUSDT","-1.4","-1.8","-29.9","40.1","31","0.01038"
"AXLUSDT","1.2","1.5","-0.2","17","31","0.04067"
"METISUSDT","1.1","-0.7","-5.5","19.4","31","2.679"
"AEVOUSDT","-0.2","3","8.9","25.8","31","0.01894"
"VANRYUSDT","-5.2","-14.3","48.9","282.2","31","0.004571"
"BOMEUSDT","4.9","14.1","10.9","24.6","31","0.0004536"
"ETHFIUSDT","-2.9","-8.2","13.2","56.2","31","0.4085"
"ENAUSDT","-1.4","7.8","8.5","32.6","31","0.0861"
"WUSDT","0.6","-1.1","-14.5","25.7","31","0.00895"
"TNSRUSDT","-4.5","2.6","-16.6","20","31","0.03211"
"SAGAUSDT","-6.3","11.9","3.5","25.6","31","0.01348"
"TAOUSDT","0","-3.4","-10.5","12.2","31","191.77"
"REZUSDT","2.3","8.6","-16.2","17","31","0.002541"
"BBUSDT","-0.2","-0.7","-10.2","14.9","31","0.01754"
"NOTUSDT","2.2","-1.3","-6.2","22.3","31","0.0003582"
"TURBOUSDT","2.8","-2.4","-0.5","24.9","31","0.0008"
"IOUSDT","-0.6","0.5","-22.2","21.6","31","0.1434"
"ZKUSDT","0.5","-1.4","-12.2","20.2","31","0.00917"
"MEWUSDT","4.4","-0.9","-2.6","23.6","31","0.0003554"
"LISTAUSDT","12.6","6.6","2.5","42.3","31","0.0492"
"ZROUSDT","0","9.2","8.2","45.3","31","0.8613"
"RENDERUSDT","0.7","-1","-6.7","12.9","31","1.466"
"BANANAUSDT","-1.1","10.2","35.7","67","31","3.655"
"RAREUSDT","1.8","2.1","2.4","31","31","0.01266"
"GUSDT","-2.3","-6","-2.8","58.2","31","0.003248"
"SYNUSDT","11.7","-23.3","-49.6","180.7","31","0.1651"
"BRETTUSDT","2.2","-11.1","-15","21.8","31","0.004527"
"POPCATUSDT","2.3","0.7","-3.9","33.4","31","0.04315"
"SUNUSDT","-0.2","-0.7","9.4","20.8","31","0.018321"
"DOGSUSDT","3.8","1","-4.6","41.4","31","3.669E-05"
"FLUXUSDT","-0.1","-2.6","-9.6","19.8","31","0.04048"
"RPLUSDT","-0.4","-7.3","23.1","108","31","1.698"
"POLUSDT","-0.3","-5.4","7","26.7","31","0.07675"
"1MBABYDOGEUSDT","3.5","1.9","4.4","26","31","0.0003068"
"NEIROUSDT","4.6","2.3","-2.1","20.7","31","6.036E-05"
"FIDAUSDT","-1.6","-6.4","-11.9","16.9","31","0.0196"
"CATIUSDT","-0.8","-1.6","-36.6","22.4","31","0.03837"
"HMSTRUSDT","-2.5","-1.6","-1.5","181.1","31","0.0001765"
"EIGENUSDT","-1.1","-9.8","-5.9","32.3","31","0.2061"
"DIAUSDT","11.8","10.1","4.1","25.3","31","0.1109"
"1000CATUSDT","19.1","19.9","15.1","24.4","31","0.001514"
"SCRUSDT","2","-3","-23.9","21.9","31","0.02182"
"GOATUSDT","1.9","-2.2","-0.8","36.2","31","0.01296"
"MOODENGUSDT","1.9","-1.4","-6.6","39.1","31","0.03691"
"SAFEUSDT","-0.6","2.5","-1.1","51.8","31","0.08259"
"SANTOSUSDT","2.8","0.5","-10.7","18","31","0.5118"
"COWUSDT","-0.3","-0.6","-8.6","12.9","31","0.1317"
"CETUSUSDT","0.4","-4.4","7.1","27.7","31","0.01815"
"1000000MOGUSDT","0.6","-0.2","-6","21.2","31","0.1"
"GRASSUSDT","2","-4.1","-30.2","41.1","31","0.3426"
"DRIFTUSDT","3.5","-4.1","-19.7","19.1","31","0.01274"
"ACTUSDT","5.4","12.4","14.5","107.7","31","0.009125"
"PNUTUSDT","3.7","3.7","0.3","22.6","31","0.04192"
"BANUSDT","-1.1","1.8","0.1","19.3","31","0.07491"
"AKTUSDT","-3.3","-8.2","-26.2","13.7","31","0.4759"
"SCRTUSDT","1.4","-7.6","-27.1","64.3","31","0.03904"
"1000CHEEMSUSDT","0.3","-3.6","-8.4","13.9","31","0.000453"
"THEUSDT","1.6","5","-4.7","88.1","31","0.05523"
"MORPHOUSDT","2.5","-0.6","10.9","42.5","31","1.9872"
"CHILLGUYUSDT","9.7","31.4","50.3","76.9","31","0.012482"
"KAIAUSDT","-4.3","-8.4","-15","12.2","31","0.02971"
"AEROUSDT","-1","-8.7","-12.6","36","31","0.4128"
"ACXUSDT","1.1","-1.9","-2.7","23","31","0.04165"
"ORCAUSDT","0.9","-1.8","-0.2","22.9","31","1.184"
"MOVEUSDT","-1","-8.2","-11.9","24.2","31","0.0098"
"RAYSOLUSDT","0.3","-7.6","-1.1","32.6","31","0.625"
"KOMAUSDT","2.4","6.4","9.6","35.4","31","0.007834"
"VIRTUALUSDT","-0.9","-5.1","10.4","36.2","31","0.5831"
"SPXUSDT","1.3","-2.9","-0.1","40.9","31","0.3324"
"MEUSDT","-1.9","6","9.1","31.3","31","0.06527"
"AVAUSDT","5.9","6.1","-5.7","23","31","0.1632"
"VELODROMEUSDT","-0.1","-6.7","-5.5","56.5","31","0.01725"
"MOCAUSDT","0.2","2.6","2.7","21.9","31","0.00873"
"VANAUSDT","-5.9","1.6","8.6","32.6","31","1.175"
"PENGUUSDT","2.1","0.7","-0.7","23.5","31","0.006162"
"LUMIAUSDT","0.6","-4.2","-43.4","81.7","31","0.07003"
"USUALUSDT","1.4","-1.2","-4.4","22.4","31","0.00848"
"AIXBTUSDT","1","-0.7","-7.4","18.3","31","0.01807"
"FARTCOINUSDT","0.9","-5.3","-3.6","56.3","31","0.1261"
"KMNOUSDT","1","-2.4","-12.2","21.5","31","0.01779"
"CGPTUSDT","0.1","-3.8","-0.6","17.7","31","0.01857"
"HIVEUSDT","2.5","-1.2","-5.8","15.6","31","0.04728"
"DEXEUSDT","5.5","-87.7","-80.1","679.4","31","4.268"
"PHAUSDT","2.6","-3.1","-28.3","25","31","0.02258"
"GRIFFAINUSDT","1.7","5.3","1.2","39.8","31","0.0087"
"ZEREBROUSDT","1.9","-17.7","8","54.5","31","0.036204"
"BIOUSDT","-2.2","3.5","-9.4","18.4","31","0.02634"
"COOKIEUSDT","3.4","0","4.4","42.2","31","0.00855"
"ALCHUSDT","2.3","9.3","-58.5","79","31","0.02949"
"SWARMSUSDT","2.9","6.4","9.4","29.2","31","0.006907"
"SONICUSDT","0","-2.7","-9.7","20.2","31","0.02211"
"PROMUSDT","5.1","18.3","71.3","145.4","31","1.891"
"SUSDT","0.2","-2","16.3","47.3","31","0.02345"
"SOLVUSDT","2","-1.6","-11.6","32.5","31","0.002539"
"ARCUSDT","-4.9","-15.8","-29.1","26.5","31","0.05974"
"AVAAIUSDT","-4.9","-17.9","63.1","148.8","31","0.008309"
"TRUMPUSDT","0.6","0.5","-8","17.5","31","1.572"
"MELANIAUSDT","-0.6","1.6","4.8","24.8","31","0.07977"
"VTHOUSDT","0.8","-2.2","-0.9","21.4","31","0.0003601"
"ANIMEUSDT","-1.7","0.7","1.1","32","31","0.00266"
"PIPPINUSDT","0.4","1.5","0.2","57.8","31","0.01675"
"VVVUSDT","6.5","14.1","-3","40.3","31","13.306"
"BERAUSDT","2","-2.2","-12","20","31","0.1793"
"TSTUSDT","5.4","7.8","10.3","37","31","0.011968"
"LAYERUSDT","1","1.5","-0.3","16.8","31","0.06509"
"HEIUSDT","-2.5","-10.2","-37.6","57.8","31","0.0967"
"GPSUSDT","-3","5.5","5","31.4","31","0.009326"
"SHELLUSDT","4.4","3","-4.9","22.8","31","0.02073"
"KAITOUSDT","4.2","9.5","96.8","146.8","31","1.027"
"REDUSDT","0.1","-2.4","4.8","38.3","31","0.0967"
"VICUSDT","-1.6","-0.5","-0.5","30.2","31","0.03711"
"EPICUSDT","-0.2","57","52","171.5","31","0.693"
"BMTUSDT","0.2","4.6","-0.2","24.3","31","0.01201"
"MUBARAKUSDT","4.7","-7.2","6.5","48","31","0.01072"
"FORMUSDT","1.3","4.9","-11.7","17","31","0.1909"
"TUTUSDT","2.8","17.5","41.5","69.5","31","0.0153"
"BROCCOLI714USDT","6","6.5","8.3","24.3","31","0.0127"
"BROCCOLIF3BUSDT","-8.1","-4.8","10.3","103.1","31","0.00565"
"SIRENUSDT","3.1","23.7","-7.3","36.4","31","0.03235"
"BANANAS31USDT","-3.5","0.4","-18.7","23.1","31","0.007061"
"BRUSDT","0.7","-4.5","5","36.5","31","0.1486"
"PLUMEUSDT","4.4","15.9","24","32.3","31","0.01182"
"NILUSDT","3.4","-0.7","2.1","29","31","0.03505"
"PARTIUSDT","0.3","-8","-43.7","38.7","31","0.02764"
"JELLYJELLYUSDT","0.5","-1.3","-1.3","32.7","31","0.05685"
"MAVIAUSDT","1.5","2.1","0.3","34.6","31","0.02707"
"PAXGUSDT","0","1.5","-0.7","6.4","31","4052.79"
"WALUSDT","0.9","0.9","-8.1","18.2","31","0.02906"
"GUNUSDT","-0.7","-1.6","-25.1","32","31","0.003561"
"ATHUSDT","1","-5.9","4.1","24.7","31","0.004393"
"BABYUSDT","-0.2","-1.3","-6.6","17.6","31","0.01236"
"PROMPTUSDT","2.2","8.8","-7.3","27.9","31","0.02083"
"STOUSDT","0.9","-2.7","-17.7","21.2","31","0.04046"
"FHEUSDT","-1.8","8","5.4","43","31","0.02016"
"KERNELUSDT","-1.3","2.6","-12.6","36.1","31","0.03482"
"WCTUSDT","0.6","-2.3","-3.6","20.1","31","0.04025"
"INITUSDT","0","5.9","0.7","22.4","31","0.05547"
"BANKUSDT","16.6","57.6","849.1","1157.7","31","0.35591"
"DEEPUSDT","-0.1","0.2","12.4","43.5","31","0.01734"
"HYPERUSDT","-0.3","-5","-22.8","18.8","31","0.06322"
"JSTUSDT","2.5","6.8","26.7","30.3","31","0.10368"
"SIGNUSDT","0.9","-1.1","-3.9","15.6","31","0.008304"
"PUNDIXUSDT","-0.6","0.1","-10.3","69.3","31","0.08066"
"CTKUSDT","3.5","3.9","-4.6","16.3","31","0.1036"
"AIOTUSDT","-0.3","20.7","2.9","85.6","31","0.0514"
"DOLOUSDT","3","4.4","-5.8","12.8","31","0.0224"
"HAEDALUSDT","1.3","2.2","-2.5","44.4","31","0.01559"
"SXTUSDT","-4.9","-9.5","-7.1","67.9","31","0.006625"
"ASRUSDT","1.2","1","-1","12.6","31","0.869"
"ALPINEUSDT","5.4","4.9","2.7","34.7","31","0.3238"
"B2USDT","-1.2","-20.1","-18.7","79","31","0.4262"
"SYRUPUSDT","-0.8","-5.5","27.7","79.8","31","0.17038"
"DOODUSDT","4.3","3.6","1.2","22.9","31","0.001493"
"OGUSDT","0","0.3","1","17.7","31","2.584"
"SKYAIUSDT","-0.4","1","-92.5","100","31","0.02836"
"NXPCUSDT","-0.1","6.8","-5.9","14.1","31","0.259"
"CVCUSDT","1.1","0.3","-3.4","29.1","31","0.01961"
"AGTUSDT","1.5","4.4","-28.2","79.9","31","0.014856"
"AWEUSDT","2.1","-2.1","-13.6","39.2","31","0.05751"
"BUSDT","-8.5","-37.2","-33.8","169.6","31","0.1584"
"SOONUSDT","0.4","6.5","-1.4","20.3","31","0.1698"
"HUMAUSDT","-0.7","-3.2","-8.3","29.7","31","0.02158"
"AUSDT","-0.2","-8.9","0.6","39","31","0.06184"
"SOPHUSDT","0.3","0.1","-6.5","15.7","31","0.004474"
"MERLUSDT","0.8","-1.4","-8.4","33.5","31","0.01728"
"HYPEUSDT","1.6","-4.5","-9.3","20.6","31","58.375"
"1000000BOBUSDT","1.1","0.1","-3","54.9","31","0.01523"
"LAUSDT","-3.9","30.1","-0.7","60.4","31","0.06545"
"HOMEUSDT","-3.6","-15.3","-66.6","87.2","31","0.006353"
"RESOLVUSDT","1.7","-5.6","-12","39.2","31","0.01882"
"TAIKOUSDT","-3.4","0.7","21.6","775.1","31","0.07868"
"SQDUSDT","-1.6","4.4","-7","18.9","31","0.03206"
"PUMPBTCUSDT","3.7","-1","3.3","71.4","31","0.00927"
"SPKUSDT","-1.5","-1.1","-3.8","15","31","0.01669"
"MYXUSDT","-1.7","2.9","-1.9","69.3","31","0.07825"
"FUSDT","-0.4","0.5","-8.1","22.8","31","0.00318"
"NEWTUSDT","-1.3","2.4","-5.2","17.2","31","0.04531"
"HUSDT","2.4","9.7","6.3","79.2","31","0.06413"
"SAHARAUSDT","-0.2","-1.4","-23.9","12.9","31","0.00884"
"ICNTUSDT","1","3.4","-25.3","37.9","31","0.1734"
"BULLAUSDT","-3.3","26.4","89.6","122.8","31","0.011235"
"IDOLUSDT","-1","-11.2","-43.8","89.9","31","0.01517"
"MUSDT","2.2","1.9","60.3","245.5","31","1.2335"
"PUMPUSDT","-2.7","-10.5","32.8","82","31","0.001787"
"CROSSUSDT","1.1","10","-7.9","18.6","31","0.07696"
"AINUSDT","4","18.2","9","48.1","31","0.0879"
"CUSDT","-0.7","-4.1","-24.7","20","31","0.05973"
"VELVETUSDT","5.2","-6.5","-29.1","350.1","31","0.4807"
"TACUSDT","-1.2","2.4","-85.9","1255.9","31","0.003482"
"ERAUSDT","-13.8","32","-0.1","128.1","31","0.08264"
"TAUSDT","-2.9","-8.2","-11.8","60.2","31","0.06841"
"CVXUSDT","3.7","10","18.8","36.8","31","1.322"
"SLPUSDT","0.3","-1.8","17.3","52.5","31","0.0005441"
"ZORAUSDT","-0.7","-0.4","-12.9","18.4","31","0.006258"
"TAGUSDT","5.6","-8","7.5","294.4","31","0.001072"
"ESPORTSUSDT","25.8","187","108.7","415.4","31","0.06183"
"TREEUSDT","-4","8.7","-10.9","37.9","31","0.03799"
"PLAYUSDT","-6.5","7","16.7","39","31","0.037"
"NAORISUSDT","-1.1","-12","-11.1","50.2","31","0.03472"
"TOWNSUSDT","-1.3","-2.8","13.9","55.2","31","0.002204"
"PROVEUSDT","-1.4","1.2","-0.7","14.5","31","0.1912"
"ALLUSDT","0.9","1.4","1.5","12.9","31","0.4811"
"INUSDT","-0.4","-5.3","-60.9","306.8","31","0.03985"
"CARVUSDT","2.1","0.9","-26.5","33.5","31","0.03099"
"AIOUSDT","6.2","-1.2","25.1","46","31","0.1166"
"XNYUSDT","-11.1","10.3","39.9","69.9","31","0.006808"
"USELESSUSDT","8.2","0","-26.3","48.5","31","0.05706"
"SAPIENUSDT","-0.1","4.7","1.6","24.1","31","0.07756"
"XPLUSDT","-0.3","3.6","-19.8","37.6","31","0.08326"
"WLFIUSDT","-1.8","-2.8","-3.1","32.8","31","0.05607"
"SOMIUSDT","1.7","0.4","-1.9","33.4","31","0.0977"
"BASUSDT","-2.3","-1","-38.9","94.7","31","0.027881"
"BTRUSDT","1.9","4.5","-4.8","16.4","31","0.01781"
"MITOUSDT","-1.4","9.1","-6.9","37.5","31","0.02318"
"HEMIUSDT","-3.7","12.5","9.7","93.8","31","0.005087"
"LINEAUSDT","0.2","-0.5","3.4","16.9","31","0.002401"
"QUSDT","24.7","21.6","35.5","52.6","31","0.024433"
"ARIAUSDT","7.1","16.3","10.4","54.5","31","0.02903"
"TAKEUSDT","6.3","-5.9","25.8","69.9","31","0.02076"
"PTBUSDT","15.3","26.6","46.5","57.5","31","0.0007129"
"OPENUSDT","-1.2","4.8","-0.2","22.6","31","0.1625"
"FLOCKUSDT","1","-2.4","-9.4","40.4","31","0.0309"
"SKYUSDT","1.2","-4.4","17.2","32.9","31","0.05845"
"AVNTUSDT","1.5","0.9","-4.3","19.6","31","0.0904"
"HOLOUSDT","1","8.8","0.3","20.8","31","0.06764"
"XPINUSDT","1","-1.6","7.7","80.7","31","0.001495"
"UBUSDT","0.2","38.2","53.6","106.4","31","0.12182"
"ZKCUSDT","-2.9","3","-4.1","31.9","31","0.04235"
"TOSHIUSDT","0.5","-3.5","-1.2","34.2","31","0.0001085"
"STBLUSDT","2.6","13.8","2.6","28.4","31","0.02433"
"0GUSDT","1.5","-2","-19.4","25.3","31","0.1746"
"BARDUSDT","0.6","-0.9","-7.1","26.6","31","0.126"
"ASTERUSDT","-0.5","1.3","-0.3","7","31","0.6285"
"TRADOORUSDT","0.9","4.7","34.5","60.2","31","0.5401"
"BLESSUSDT","8.7","-11.1","-0.7","84.8","31","0.008141"
"FLUIDUSDT","-3.7","12.3","27.9","51.7","31","1.133"
"COAIUSDT","-2.5","3.9","10.2","38.2","31","0.3128"
"HANAUSDT","-3.6","-21.4","-26.6","71.7","31","0.02848"
"MIRAUSDT","-0.5","8.5","1.1","50.8","31","0.04351"
"AKEUSDT","13","54.3","739.7","1916.7","31","0.0030581"
"ORDERUSDT","-5.1","7.1","-3.4","28.9","31","0.03363"
"LIGHTUSDT","16.3","28.1","27.7","47.1","31","0.1513"
"XANUSDT","5.4","-2.4","21","67.3","31","0.011734"
"FFUSDT","-1.5","-0.5","-8.9","42.4","31","0.06015"
"EDENUSDT","0.8","-0.5","-11.2","19.6","31","0.0421"
"NOMUSDT","-2.2","1","7.2","90.3","31","0.001522"
"TRUTHUSDT","1.4","1.2","-13","35.4","31","0.013224"
"2ZUSDT","0.8","-4.6","-5.3","26.8","31","0.06184"
"EVAAUSDT","0","18.5","2","542.4","31","0.932"
"LYNUSDT","-0.1","0.5","9.1","44.9","31","0.03879"
"KGENUSDT","3.8","-3.6","-1.7","34.2","31","0.1787"
"4USDT","0","3.1","-7.8","68.1","31","0.008299"
"GIGGLEUSDT","2.2","-0.3","3.2","36.2","31","26.14"
"MONUSDT","-5.3","-2.3","7.1","45.5","31","0.02072"
"YBUSDT","1.5","-19.7","4.3","50.4","31","0.07323"
"METUSDT","-0.9","11.9","-2.5","38","31","0.1617"
"EULUSDT","78.6","105.9","90.7","122.7","31","1.9429"
"ENSOUSDT","1.8","14.2","33.6","46.6","31","0.8054"
"CLOUSDT","2.3","-14.1","-38.3","156.5","31","0.12878"
"RECALLUSDT","3.9","1.7","33.7","47.1","31","0.03993"
"ZBTUSDT","0.3","18.1","3.1","61.2","31","0.11021"
"LABUSDT","-2.8","3.6","-99.2","586.8","31","0.1561"
"RIVERUSDT","-0.6","-4.4","-18.1","22.4","31","3.071"
"BLUAIUSDT","0.9","4.1","-16.2","74.8","31","0.012377"
"TURTLEUSDT","8.4","17","15.8","25.1","31","0.0396"
"APRUSDT","3.2","-4.4","5.9","51.5","31","0.207"
"ONUSDT","-14.6","10.1","72.8","186.1","31","0.1323"
"KITEUSDT","-4.6","-6","-25.8","40.6","31","0.10317"
"ATUSDT","1.4","-0.6","-7.2","21.2","31","0.1402"
"CCUSDT","4","-3.1","-19","20.7","31","0.12267"
"MMTUSDT","0.2","-2.6","-3.6","52.5","31","0.1738"
"TRUSTUSDT","2","8.4","-0.2","18.6","31","0.05137"
"UAIUSDT","-0.8","-3.8","14.6","57","31","0.3306"
"FOLKSUSDT","-3","-14","-23.5","28.7","31","1.872"
"STABLEUSDT","3.8","11.7","6.9","28.7","31","0.03981"
"JCTUSDT","1.1","-4.5","-0.4","54.8","31","0.00431"
"ALLOUSDT","-24.2","-13.8","15.7","146.3","31","0.38994"
"CLANKERUSDT","1.2","-3.4","-18.1","26.9","31","13.11"
"BEATUSDT","1.5","43","27.5","88.2","31","3.354"
"PIEVERSEUSDT","-2.6","1.8","-2.8","46.4","31","0.6427"
"SENTUSDT","-2.4","-6.9","-4.2","53.6","31","0.01261"
"IRYSUSDT","5.9","5","-12.9","16.3","31","0.01308"
"POWERUSDT","3.3","16","18.2","83","31","0.0916"
"WETUSDT","4.2","-4.7","13.1","31.1","31","0.06789"
"NIGHTUSDT","-2.8","-26.3","-35.7","81.5","31","0.01968"
"USUSDT","-7.9","-2.7","193.9","423.7","31","0.044393"
"CYSUSDT","-0.5","0.7","-5.5","32.6","31","0.3057"
"RAVEUSDT","-1.5","6.3","30.5","159.1","31","0.2972"
"ZKPUSDT","-0.9","0.8","-3.9","48.4","31","0.04653"
"GUAUSDT","5.1","4.1","-77.9","208.2","31","0.05535"
"LITUSDT","2.5","-5.8","14.2","74.7","31","2.0834"
"BREVUSDT","1.4","0.9","-3.1","67","31","0.07407"
"COLLECTUSDT","-5.1","1.5","1.7","49.7","31","0.04627"
"MAGMAUSDT","1.6","3.8","-37.9","128","31","0.31432"
"ZAMAUSDT","3.7","58.5","73.4","116","31","0.05617"
"FOGOUSDT","1.1","-3.3","-24.1","29.3","31","0.00863"
"FRAXUSDT","0.4","5.7","13","29.5","31","0.2749"
"SPORTFUNUSDT","5.4","4.5","2.5","42.9","31","0.02275"
"AIAUSDT","-0.9","24.3","34.9","62.6","31","0.06897"
"ACUUSDT","-1.7","-0.3","-11.4","18.7","31","0.07546"
"ELSAUSDT","-0.1","-1.2","13.2","50.2","31","0.04872"
"SKRUSDT","-1.8","-2","-6.8","29.2","31","0.007947"
"SPACEUSDT","5.3","14.5","11.3","22","31","0.006765"
"FIGHTUSDT","1.7","5.4","-0.1","30.7","31","0.003432"
"BIRBUSDT","0.5","6.7","-4.9","108","31","0.05854"
"GWEIUSDT","-10.9","-19.1","-81.8","111.1","31","0.02321"
"MEGAUSDT","-2.2","-3.3","-8.9","28.9","31","0.0426"
"INXUSDT","0.9","7.6","-15.2","18.1","31","0.007269"
"TRIAUSDT","0.8","4.4","-55","106.6","31","0.008709"
"ESPUSDT","-0.6","6.8","7.6","34.8","31","0.07485"
"AZTECUSDT","7.3","3.8","7.8","26","31","0.01431"
"OPNUSDT","-2.8","-0.1","3.8","36.9","31","0.06108"
"ROBOUSDT","-1.8","-3.2","-30.5","20.2","31","0.01165"
"KATUSDT","-0.2","1.4","-3.7","40.1","31","0.004764"
"MANTRAUSDT","-2","-2.5","-7","39.8","31","0.006152"
"CFGUSDT","0.5","4.5","-19.2","19.2","31","0.1718"
"EDGEUSDT","5.3","1.1","35","141.9","31","0.4103"
"BSBUSDT","-2","-6.9","-59.6","55.1","31","0.12787"
"XAUTUSDT","0","1.5","-0.5","6.3","31","4053.44"
"BASEDUSDT","2.3","-4.9","28.2","116.7","31","0.08588"
"PRLUSDT","0.2","4.8","25.5","40.1","31","0.1813"
"GENIUSUSDT","1.5","15.9","-6","24.3","31","0.367"
"CHIPUSDT","-1.1","-3.7","-0.2","40.4","31","0.02895"
"OPGUSDT","0.8","-2.5","-19.8","62","31","0.1035"
"AIGENSYNUSDT","4.6","7.3","17.6","94.9","31","0.02559"
"BILLUSDT","-6.6","7.2","-34.3","91.3","31","0.02696"
"PHAROSUSDT","-1.4","10.6","-9.5","34.7","31","0.387"
"STARUSDT","2.3","-41.8","-8.9","109.6","31","0.12181"
"CTRUSDT","6.8","0.2","-19.2","27.8","31","0.008205"
"SLXUSDT","-5.3","11.1","-72","95.8","31","0.11716"
"ZESTUSDT","-0.2","16.2","-2.8","39.6","31","0.24658"
"BTWUSDT","19.1","15.2","-17.9","79.9","31","0.07912"
"REUSDT","-6.4","40.7","-0.6","90.7","31","0.5518"
"ARXUSDT","7.1","22.6","-32.5","33.3","31","0.1807"
"OUSDT","0.5","-14.9","11","113.4","31","0.5035"
"CAPUSDT","-24","14.7","","84.5","30","0.02125"
"GRAMUSDT","2.6","4.2","","17.9","25","1.505"
"DATAIPUSDT","-5.8","-3.2","","18.1","24","0.2636"
