"symbol","pump24h","pumpDate","ageDays","compress","volRatio","pos","r14d","dd","oi","fund","compressLag","volRatioLag","posLag","r14dLag","ddLag","oiLag","fundLag"
"BTCUSDT","5.1","07-01 12:00","2512","0.86","1.08","28","-9.9","-12.9",,"0.0056","0.54","0.92","16","-10.9","-12",,"0.0064"
"ETHUSDT","7.1","07-01 13:00","2433","0.64","0.9","23","-10.8","-15.1",,"0.0043","0.65","0.93","5","-13.7","-16.1",,"0.0022"
"BCHUSDT","8.6","06-30 14:00","2411","0.74","1.18","63","-8.5","-14.6",,"-0.007","1.16","1.05","70","-13.6","-15",,"-0.0067"
"XRPUSDT","5.5","07-03 14:00","2393","0.84","0.97","94","-2.2","-14.1",,"0.0027","0.88","1","91","-4.8","-14.6",,"0.0015"
"LTCUSDT","5.6","07-17 17:00","2390","1.19","1.33","43","1.8","-3.2","-7.1","0.0044","1.09","1.61","54","4.2","-2.4","-1.3","0.0036"
"TRXUSDT","2.3","07-03 00:00","2384","0.6","0.83","62","-1","-5",,"-0.0347","0.83","1","27","-1.7","-5.5",,"-0.0286"
"ETCUSDT","5.7","06-26 02:00","2383","0.99","1.3","61","1.9","-10.5",,"0.0015","1.86","1.09","82","1.4","-8.9",,"-0.0036"
"LINKUSDT","7.8","07-01 13:00","2382","0.67","0.94","30","-11.9","-16.5",,"0.0056","0.59","0.86","1","-13.7","-17.4",,"0.0042"
"XLMUSDT","15.2","06-30 02:00","2379","0.63","0.61","82","-15.7","-29.6",,"-0.012","1.34","0.53","32","-8.9","-31.6",,"-0.0073"
"ADAUSDT","13.7","07-03 17:00","2368","1.6","1.35","97","7.7","-8.3",,"0.01","1.26","1.44","86","-0.9","-15.9",,"0.0094"
"XMRUSDT","7","07-21 00:00","2365","0.59","0.77","72","4.5","-11.3","0.9","0.0259","1.01","0.69","73","3.2","-11.5","1.5","0.0322"
"DASHUSDT","7.1","07-01 12:00","2364","0.68","0.61","26","-13","-19.6",,"0.0098","0.78","0.59","62","-12.9","-17.6",,"0.0032"
"ZECUSDT","14.1","07-01 11:00","2363","0.65","0.82","48","-19.1","-27.4",,"0.0076","1.04","0.87","53","-23.7","-27.9",,"0.007"
"XTZUSDT","14.8","07-02 22:00","2362","0.85","0.96","83","-7.1","-14.5",,"0.005","0.64","1.05","94","-11.7","-15.1",,"0.0034"
"BNBUSDT","4.1","06-25 13:00","2358","1.41","1.05","46","-1.2","-11.1",,"0","1.04","0.87","19","1.3","-8.9",,"0"
"ATOMUSDT","4.5","06-25 13:00","2361","0.77","1.13","10","11.4","-20.1",,"-0.0102","2.69","0.94","4","11.9","-18.6",,"-0.0086"
"ONTUSDT","6.5","07-01 10:00","2357","1.43","2.13","9","-14.7","-23.5",,"-0.0209","1.04","2.25","32","-13.5","-19.9",,"-0.0132"
"IOTAUSDT","14.2","07-09 11:00","2356","0.3","0.62","59","-6.6","-28.5","-3.8","0.0028","0.64","0.73","24","-13.7","-29.5","-13.3","-0.0006"
"BATUSDT","8.2","06-25 13:00","2355","2.17","0.98","41","9.1","-10.6",,"-0.0012","1.35","1.1","34","11.4","-8.1",,"0.0001"
"VETUSDT","6.3","07-10 18:00","2354","0.38","0.64","52","6","-14.6","-0.9","0.0093","0.62","0.81","51","7.1","-14.6","-6.9","0.0016"
"NEOUSDT","6.7","07-18 04:00","2351","1.29","0.94","34","-2.6","-17.3","-3.4","0.0091","0.62","0.89","29","0.1","-16.8","-5.7","0.01"
"QTUMUSDT","6.4","06-25 13:00","2348","1.27","0.89","47","-5.1","-13.1",,"0.0045","1.75","0.85","21","-2.4","-11.3",,"0.005"
"IOSTUSDT","7","06-26 02:00","2347","0.92","1.37","29","7.3","-18.3",,"0.006","2.12","2.15","37","9.5","-14.9",,"-0.0114"
"THETAUSDT","14.2","07-10 20:00","2251","0.37","0.47","45","4.2","-18.8","0.2","0.0086","0.53","0.58","43","4","-19.7","-5.2","0.0067"
"ALGOUSDT","6.4","07-24 00:00","2231","0.86","0.91","46","-0.8","-19.8","-0.9","-0.0021","0.79","0.86","62","-0.3","-18.7","1.9","0.0052"
"ZILUSDT","9.3","07-03 18:00","2229","0.65","0.75","84","-2.6","-10.4",,"0.005","0.72","0.82","80","-4.3","-12.1",,"0.005"
"KNCUSDT","10.2","07-19 06:00","2225","0.72","0.71","56","-2.2","-13.8","0.9","-0.0115","1.3","1.24","22","-2.7","-14.4","-5.2","-0.0141"
"ZRXUSDT","10.7","06-26 02:00","2223","1.44","1.05","28","-10","-18",,"0.0044","1.77","0.97","36","-7.4","-14.5",,"0.0022"
"COMPUSDT","7.2","06-26 10:00","2217","1.87","2.24","24","-12.6","-19.4",,"0.0061","1.31","1.52","32","-7.3","-16.1",,"0.0051"
"DOGEUSDT","5.9","07-24 17:00","2207","1.47","1.69","13","-6.9","-24.4","5.7","-0.0052","2.21","1.42","23","-4.6","-23.4","5.6","0.0019"
"KAVAUSDT","6.7","06-26 02:00","2189","1.77","0.84","4","-6.1","-17.8",,"0.005","1.92","0.92","31","-0.1","-12.3",,"0.005"
"BANDUSDT","11.8","06-30 15:00","2188","0.78","0.98","25","-17.7","-21.6",,"0.01","1.18","0.83","29","-19.1","-19.7",,"0.01"
"RLCUSDT","9.9","07-09 17:00","2186","0.57","0.96","38","1.7","-19.7","-0.8","-0.0072","0.93","1.01","19","1.1","-20.3","3","-0.019"
"SNXUSDT","20.8","06-26 23:00","2172","2.1","1.59","32","-7.3","-24.4",,"-0.0119","1.93","1.48","19","-10.1","-24",,"-0.013"
"DOTUSDT","7.3","07-20 09:00","2164","0.7","0.94","9","-7.1","-23.2","11.9","-0.0103","0.7","0.76","17","-3.2","-20.2","9.5","-0.0069"
"YFIUSDT","45.9","07-05 16:00","2155","1.38","0.79","27","-0.6","-14.8","-1","0.0039","1.23","0.76","81","0.3","-12.8",,"0.0065"
"CRVUSDT","12","06-30 22:00","2154","0.83","0.67","23","-23.3","-26.1",,"0.0038","0.87","0.5","75","-18.2","-23.3",,"0.0065"
"TRBUSDT","18.2","07-03 05:00","2152","0.54","0.63","83","0.9","-7.7",,"0.005","0.47","0.59","90","-1.7","-9.3",,"0.0048"
"RUNEUSDT","5.4","07-14 06:00","2151","0.52","0.86","30","5.2","-7.8","1.1","0.0071","0.64","0.61","23","3.2","-8.3","4.7","0.0057"
"SUSHIUSDT","11.1","07-18 15:00","2151","0.97","1.28","32","-3.2","-21.7","-6.7","0.0039","1.39","2.18","21","-1.1","-21.9","4.2","0.0007"
"EGLDUSDT","15.4","07-13 14:00","2141","1.65","1.27","82","19.6","-3.7","15.9","-0.001","1.49","0.87","92","22.3","-3.6","27.1","-0.0087"
"SOLUSDT","10.3","06-25 19:00","2141","1.06","1.27","33","-14.8","-13",,"-0.0063","2.17","1.17","16","-14.9","-13.2",,"-0.0085"
"ICXUSDT","6.1","06-26 02:00","2140","0.95","0.93","33","6.2","-18.3",,"0.005","2.58","0.88","27","7","-16.3",,"0.0037"
"STORJUSDT","10.6","06-26 03:00","2139","1","1.09","9","-5.5","-14.7",,"0.0036","2.17","1.52","33","-3.4","-10.4",,"-0.0046"
"UNIUSDT","16.9","07-01 16:00","2137","1.02","0.91","29","-14.9","-24.8",,"0.0055","0.85","0.94","4","-10.6","-26",,"0.0062"
"AVAXUSDT","11","06-26 02:00","2132","0.89","0.98","26","-2.3","-13.4",,"-0.0005","1.52","1.11","78","-2.8","-9.3",,"0.0018"
"ENJUSDT","9.8","07-06 11:00","2126","1.04","1.35","7","-12.7","-26.7","2.6","0.0046","1.22","1.58","19","-13.6","-24.9",,"0.0049"
"KSMUSDT","13.4","07-05 16:00","2111","1.01","0.66","19","-8.1","-17.2","1.1","0.0076","1.16","0.82","97","-4.4","-14",,"0.0065"
"NEARUSDT","8.7","07-01 11:00","2110","0.9","0.91","31","-22","-30.5",,"0.01","0.41","0.82","50","-23.8","-27.5",,"0.01"
"AAVEUSDT","18.6","06-25 16:00","2109","1.91","3.59","79","-15.6","-3.5",,"0.0049","1.42","1.44","65","-21.3","-3.5",,"0.0052"
"FILUSDT","7.7","07-01 11:00","2109","0.6","0.85","57","-9.4","-12.6",,"0.0071","0.55","0.82","68","-8.5","-12",,"0.0038"
"RSRUSDT","11.7","07-08 11:00","2106","1.01","1.33","12","-8.5","-20.6","4.5","0.0067","0.92","0.74","46","-2.7","-18.5","-0.9","0.0094"
"BELUSDT","30.3","07-05 07:00","2076","0.39","0.72","28","-30.7","-56.3",,"-0.1311","0.22","0.25","94","-33.4","-56.4",,"-0.0613"
"AXSUSDT","5.8","06-30 22:00","2074","0.55","0.45","14","-4.9","-24.5",,"-0.0006","0.22","0.23","70","0","-22",,"-0.006"
"ZENUSDT","7.3","06-25 13:00","2070","1.45","0.92","37","0.5","-18.3",,"0.0064","0.84","0.83","18","4.1","-14.4",,"0.006"
"SKLUSDT","66","07-09 12:00","2162","0.99","0.74","40","-2.7","-25.5","-0.6","0.0028","0.83","0.76","30","-8.7","-25.7","-0.8","0.0047"
"GRTUSDT","6.6","07-02 23:00","2046","0.59","0.93","71","-7.5","-15.8",,"0.0026","0.52","1.09","54","-8.9","-17.3",,"-0.0018"
"1INCHUSDT","13.2","07-20 20:00","2039","0.48","0.85","76","1.5","-6.5","-2","0.0016","0.51","0.56","54","0.2","-8.3","2","-0.0017"
"CHZUSDT","11","06-29 08:00","2012","0.89","0.53","27","-31.3","-34.3",,"-0.0225","0.91","0.54","31","24.2","-32.7",,"-0.0153"
"SANDUSDT","8.5","07-02 16:00","2015","0.52","1.01","66","-5.6","-25.6",,"0.0021","0.48","0.7","85","-10.8","-25.7",,"0.0052"
"ANKRUSDT","10.4","07-10 12:00","2008","0.73","0.69","82","7.2","-12.7","3.8","0.0036","0.67","0.65","43","2.1","-14.8","-1.8","0.0029"
"RVNUSDT","16.1","07-09 02:00","1979","0.84","1.08","33","-3.9","-19.3","-0.5","0.005","0.63","1.01","5","-6.8","-19.5","2.1","0.005"
"SFPUSDT","13.4","06-30 05:00","1978","0.98","1.61","59","-16.6","-19.3",,"0.01","1.82","1.3","24","-15.5","-19.9",,"0.01"
"COTIUSDT","7.2","06-26 02:00","1965","0.8","1.18","28","13.4","-21.7",,"0.0039","1.82","1.09","37","13.8","-18.5",,"-0.0036"
"CHRUSDT","14.4","06-25 13:00","1962","1.6","1.28","76","-4.1","-15.8",,"0.0053","1.7","0.87","24","-3.3","-16.3",,"0.0082"
"MANAUSDT","16.7","07-02 12:00","1960","0.5","1","86","-5.7","-21.8",,"0.0085","0.82","0.87","22","-10.8","-24.6",,"0.0085"
"ALICEUSDT","18.5","07-19 09:00","1959","1.07","1.04","80","-7.2","-40.7","0.1","0.005","0.7","0.69","28","-10.8","-42.8","2.2","0.0041"
"HBARUSDT","8","07-21 16:00","1957","1.11","1.06","91","-5.2","-19.1","-2","-0.0021","0.53","0.7","66","-10.8","-21.3","1.6","-0.0035"
"ONEUSDT","42.1","07-20 18:00","1957","0.58","0.63","48","-11","-29.5","6.2","0.0082","1.7","1.76","23","-10.7","-29.5","3.2","0.0076"
"CELRUSDT","8.5","06-30 22:00","1945","0.5","0.69","26","-17.7","-20.7",,"0.0023","1.02","0.68","58","-15.2","-18.5",,"0.01"
"HOTUSDT","27.3","06-26 20:00","1944","1.27","1.26","35","-12.1","-10.4",,"-0.0014","0.88","1.1","24","-14","-11.2",,"-0.0023"
"MTLUSDT","6.3","06-26 10:00","1943","0.92","1.17","44","2.3","-14.8",,"-0.002","1.27","0.79","60","3","-12.9",,"-0.0216"
"OGNUSDT","39.2","07-03 12:00","1943","1.52","1.7","47","-7.3","-16.8",,"0.005","2.2","1.65","39","-12.7","-18.8",,"0.0044"
"1000SHIBUSDT","22.1","07-24 19:00","1903","0.87","1.24","48","-4.3","-19.6","1.4","-0.0068","0.81","0.92","3","-4","-20.8","2","0.0027"
"GTCUSDT","15.1","07-02 21:00","1959","1.9","2.97","51","-3.2","-14.8",,"0.0338","1.06","1.54","77","-8.2","-14.2",,"0.034"
"BTCDOMUSDT","1.5","06-25 04:00","1865","0.82","2.06","62","2.2","-1.2",,"0.01","0.62","0.98","89","2.1","-0.9",,"0.0128"
"IOTXUSDT","7.3","06-25 13:00","1810","0.78","0.58","46","19","-19.4",,"0.0097","0.88","0.44","15","22.5","-17.3",,"0.0085"
"C98USDT","11","07-10 14:00","1798","0.98","1.01","68","1.4","-13.4","-7","0.0007","0.72","1.23","62","2.9","-13.9","-2.4","0.0067"
"MASKUSDT","10.8","07-02 19:00","1836","0.63","0.49","74","7.4","-8.2",,"0.0028","0.48","0.4","69","-0.8","-10",,"0.0032"
"DYDXUSDT","51.8","06-30 04:00","1781","0.63","0.69","44","30.5","-5.6",,"0.0034","1.08","0.62","97","31.1","-0.7",,"0.0021"
"1000XECUSDT","38.8","07-12 07:00","1774","0.34","0.74","22","0.2","-14.1","-7","0.01","0.34","0.65","54","0.4","-13.9","1","0.01"
"GALAUSDT","11.6","07-02 15:00","1773","0.69","1.06","71","-7.9","-17",,"0.0097","0.56","0.87","83","-15.7","-17.6",,"0.0069"
"CELOUSDT","21.3","06-30 19:00","1764","5.1","4.41","3","-9.3","-29.9",,"-0.1435","2.83","7.12","18","0.9","-20.3",,"-0.1349"
"ARUSDT","10.6","06-28 18:00","1762","1.12","0.45","18","-8.1","-15",,"0.0032","1.56","0.68","47","0.8","-14.1",,"0.0049"
"ARPAUSDT","59","07-02 11:00","1742","0.69","0.82","91","-3.4","-17.7",,"0.01","0.36","0.5","29","-10.3","-20.7",,"0.01"
"CTSIUSDT","10.2","06-30 20:00","1735","0.72","1.45","32","-11.7","-12.9",,"0.0087","1.63","1.88","53","-9.5","-11.7",,"0.0087"
"LPTUSDT","6.5","06-26 02:00","1719","1.59","1.08","25","7.4","-19.2",,"-0.0006","2.64","1.31","42","10.4","-14.9",,"-0.0084"
"ENSUSDT","8.7","07-16 14:00","1700","0.85","1.46","30","0.2","-26.7","4.8","0.0015","1.22","1.05","87","5.9","-24.3","8.4","-0.0048"
"PEOPLEUSDT","11.3","07-08 08:00","1676","1.11","0.88","17","-3.2","-13.1","0.7","0.01","1.43","0.94","38","-1.2","-11.3","3.5","0.01"
"ROSEUSDT","7","07-03 04:00","1668","0.45","0.75","68","-10.4","-23.8",,"0.01","0.56","0.88","92","-13.8","-23.7",,"0.0084"
"DUSKUSDT","8.7","07-20 12:00","1662","0.51","0.7","42","-14.3","-35.8","3.3","0.0043","0.87","0.71","4","-16.9","-35.5","8","0.0035"
"FLOWUSDT","5.6","06-28 17:00","1628","1.29","0.55","61","-3.2","-15.8",,"0.0029","1.44","0.87","42","9.4","-15.5",,"0.003"
"IMXUSDT","8.9","07-05 09:00","1627","2.77","1.45","51","-7","-13.2",,"0.005","1.02","1.34","77","-9.5","-15.6",,"0.0021"
"API3USDT","6.7","07-05 17:00","1616","1.18","1.02","13","-13","-23.4","1.4","0.0034","1.31","1.57","83","-11.7","-20.2",,"0.0046"
"GMTUSDT","8.2","06-25 13:00","1595","1.77","0.92","26","3.9","-14.5",,"0.0017","1.74","0.78","28","10.2","-9.7",,"0.0044"
"APEUSDT","19.5","06-25 13:00","1592","1.13","1.1","80","-5.9","-5.2",,"0.0014","1.25","1.05","44","-9.5","-5.5",,"0.0002"
"WOOUSDT","14.3","07-13 21:00","1571","0.89","0.87","8","2.2","-23.3","-1.1","-0.0052","0.58","0.59","28","8.2","-20.5","-7.5","0.0003"
"JASMYUSDT","9.3","06-25 13:00","1559","1.43","0.88","42","-0.9","-17.6",,"-0.0118","1.03","0.91","33","1.7","-17.2",,"-0.0035"
"OPUSDT","9.8","07-02 20:00","1516","0.56","0.8","71","-9.1","-12.1",,"-0.0041","1.09","0.78","18","-11.8","-15.8",,"-0.0058"
"INJUSDT","16","06-25 16:00","1440","1.08","1.09","33","-18.4","-30.9",,"-0.0046","1.09","0.78","3","-18.7","-30.2",,"-0.0104"
"STGUSDT","17.6","07-06 01:00","1432","0.39","0.52","45","-26.3","-44.7","-2.5","-0.0323","0.45","0.49","27","-26.8","-44.3",,"-0.0423"
"SPELLUSDT","24.9","07-06 22:00","1420","1.79","1.42","35","-22.6","-41.2","-7.3","-0.0268","3.19","3.34","7","-24.5","-40.2","0.5","-0.0049"
"1000LUNCUSDT","9.6","06-25 01:00","1417","1.3","1.17","26","5.5","-23.7",,"-0.0049","0.64","1.03","37","11.2","-17.8",,"-0.0031"
"LUNA2USDT","7.6","06-25 17:00","1416","0.81","1.21","44","4.2","-15.4",,"0.0044","1.76","1.07","13","3.1","-16",,"0.0046"
"LDOUSDT","16.8","07-07 05:00","1404","1.43","1.15","67","4.7","-7","2","0.0074","1.55","0.98","44","-0.7","-10.4","-0.5","0.0054"
"ICPUSDT","8.1","07-08 18:00","1822","0.7","1.21","30","3.9","-16.2","-6.9","0.0002","0.92","1.29","80","4.3","-13.6","-4.5","0.0022"
"APTUSDT","6","07-01 12:00","1377","0.66","0.92","76","-12","-18.1",,"0.0019","0.51","0.78","12","-17","-20.8",,"0.0022"
"QNTUSDT","5.7","07-09 02:00","1377","0.73","1.05","48","-4","-11.2","-11.9","-0.0032","0.75","0.84","10","-6.3","-11.3","1.2","0.0023"
"FETUSDT","12.7","06-26 02:00","1288","0.96","1.14","35","9.3","-25.4",,"0.0007","1.25","1.03","62","13.1","-21",,"0.0015"
"MAGICUSDT","23.6","06-27 19:00","1280","0.52","0.59","48","-2.6","-18.4",,"0.0033","1.04","0.74","69","-0.1","-16.5",,"0.0047"
"TUSDT","67.2","07-11 10:00","1272","0.51","0.55","75","-0.8","-13","3.1","0.0029","0.67","0.99","79","4.2","-12.8","1.2","0.0002"
"MINAUSDT","11.9","07-05 07:00","1269","1.9","1.46","51","9.8","-4.9",,"0.0093","2.25","2.91","60","8.5","-6.3",,"0.0027"
"ASTRUSDT","5.8","07-01 09:00","1259","1.02","0.94","24","-16.2","-22.9",,"0.0039","0.53","0.68","10","-17.7","-21.1",,"0.0097"
"GMXUSDT","10","06-26 02:00","1256","1.15","1.15","44","-22.7","-16.5",,"0.0018","2.55","1.13","36","-18.4","-15.1",,"-0.0025"
"CFXUSDT","6.2","07-14 03:00","1253","1.78","1.56","19","0.1","-20.1","4.7","0.0037","0.99","1.56","33","3.4","-17.8","1.9","0.0067"
"STXUSDT","7.4","06-26 02:00","1252","1.06","1.36","23","-1","-18.7",,"-0.0092","2.42","1.35","45","2.8","-13.9",,"-0.0105"
"ACHUSDT","9.1","07-01 06:00","1251","0.73","0.91","8","-23.7","-27.1",,"0.0085","0.49","0.75","17","-20.3","-23.6",,"0.0034"
"SSVUSDT","6.8","07-01 12:00","1249","0.63","1.05","44","-15.9","-19.5",,"0.0076","0.46","0.97","35","-16.6","-19.1",,"0.0044"
"CKBUSDT","8.6","07-01 07:00","1245","1.28","1.02","15","-24.8","-30.4",,"0.0076","0.77","0.95","13","-21.1","-26.6",,"0.0039"
"LQTYUSDT","11.7","07-24 20:00","1236","0.89","0.7","20","-6.9","-28.6","2.8","0.007","1.32","1.46","13","-5.9","-28.5","-6.5","0.007"
"USDCUSDT","0.1","07-12 22:00","1232","3.11","0.46","0","-0.1","-0.2","-3.2","0.0024","0.92","0.85","59","0","-0.1","-4.1","0.0006"
"IDUSDT","16","07-02 14:00","1221","0.47","0.28","16","6.9","-26.9",,"-0.0192","0.39","0.3","12","4.6","-24.4",,"-0.0444"
"ARBUSDT","19.2","07-09 02:00","1221","0.81","1.22","55","2.3","-13.6","3.8","-0.0019","1.11","0.99","5","-2.4","-15.3","-0.7","0.0023"
"JOEUSDT","8.7","06-30 17:00","1216","0.69","0.83","36","-12.5","-16.4",,"0.003","0.99","0.56","63","-12.7","-14.1",,"0.0001"
"TLMUSDT","106","06-30 22:00","1215","0.44","0.5","20","-16.8","-29.8",,"0.005","0.65","0.7","43","-11","-26",,"0.005"
"HFTUSDT","26.4","06-30 23:00","1208","1.1","0.82","1","-25.2","-32.8",,"0.01","0.28","0.49","42","-18.6","-27",,"0.01"
"XVSUSDT","6.2","07-23 09:00","1201","0.57","0.64","46","9.1","-3","0.8","-0.0091","0.64","1.01","65","12.3","-2.6","7","-0.0054"
"BLURUSDT","66.1","07-06 11:00","1186","0.86","0.48","18","-5.3","-22.8","2.9","0.005","0.86","0.56","6","-4.2","-22.7",,"0.005"
"EDUUSDT","11.5","07-13 17:00","1185","1.3","0.87","5","-7.1","-11.8","2.4","0.01","0.94","1.01","14","-0.2","-7.7","1","0.01"
"SUIUSDT","6.7","06-26 02:00","1180","0.58","1.06","41","-9.2","-18.5",,"-0.0004","1.4","1.41","33","-11.8","-18.2",,"-0.0005"
"1000PEPEUSDT","15.8","07-03 04:00","1178","0.65","1.03","89","-11.4","-21.3",,"-0.0081","0.47","1.06","96","-16.6","-23.7",,"-0.0189"
"1000FLOKIUSDT","9.5","07-03 04:00","1177","0.45","0.88","80","-15.1","-19.7",,"-0.0001","0.38","0.69","71","-14.2","-21.1",,"0.0028"
"UMAUSDT","7.9","07-10 16:00","1174","0.95","0.96","74","-3.3","-19.5","5.1","0.0025","0.86","0.78","36","-1.1","-20.4","-0.8","0.0046"
"NMRUSDT","10.8","07-01 06:00","1130","1.32","1.25","78","4.9","-6.6",,"0.005","1.34","0.52","32","-3.5","-12.5",,"0.005"
"MAVUSDT","14.1","07-07 22:00","1123","1.09","0.78","4","-4.8","-17","-1.9","0.01","1.25","0.75","72","-2.6","-13.2","-2.3","0.01"
"XVGUSDT","12.4","07-19 07:00","1117","0.87","0.92","15","-9.6","-32.1","9","0.0228","1.54","1.13","24","-9.6","-31.3","7.4","0.0191"
"WLDUSDT","17.4","07-02 01:00","1098","0.87","0.84","13","-43.9","-49.5",,"0.007","0.46","0.67","10","-42.2","-43.9",,"0.007"
"PENDLEUSDT","13.6","07-01 12:00","1094","0.53","1.31","67","-9.6","-12.3",,"-0.001","0.89","1.11","50","-7.3","-15.3",,"-0.0008"
"ARKMUSDT","9.4","07-02 07:00","1094","0.72","0.91","76","-13.8","-22.5",,"0.0056","0.7","0.85","26","-20.2","-24.4",,"0.0071"
"AGLDUSDT","103.8","06-26 00:00","1093","5.59","10.79","55","-16.2","-31.9",,"-0.0486","1.99","1.31","58","-5.7","-18",,"0.0041"
"YGGUSDT","14.7","07-20 06:00","1086","2.74","4.76","17","-17.9","-36.9","0.4","0.0027","1.32","1.2","46","-7.1","-28.3","7.5","0.0029"
"DODOXUSDT","47.9","07-14 10:00","1083","6.28","137.52","41","-3.2","-20.9","148.3","-0.4204","3.01","98.01","47","12.3","-18.6","274.5","-0.1819"
"BNTUSDT","7.7","06-24 17:00","1081","1.63","0.92","11","-9.1","-13.3",,"-0.056","0.72","0.91","29","-7","-10.4",,"-0.0771"
"SEIUSDT","12.1","06-24 17:00","1074","0.8","0.9","10","12.9","-9.1",,"0.0001","1.12","0.67","5","9.9","-8.3",,"-0.0009"
"CYBERUSDT","12.7","06-25 13:00","1070","1.58","0.77","46","0.9","-13.3",,"0.0008","2.01","1.34","12","3.7","-11.4",,"-0.0002"
"ARKUSDT","32.8","06-26 03:00","1040","0.95","0.9","10","-2.9","-21.4",,"0.0034","2.19","1.43","29","-0.1","-17.6",,"0.0026"
"BICOUSDT","10.4","07-09 18:00","1032","0.88","0.6","44","-31.9","-79","-10.1","-0.0191","0.43","0.53","10","-41.2","-79.5","-8.6","-0.0118"
"BIGTIMEUSDT","7.9","06-25 13:00","1017","1.29","1.07","42","15.7","-19",,"0.005","1.53","0.97","25","20.6","-15.8",,"0.005"
"WAXPUSDT","12","06-25 13:00","1011","2.16","1.38","20","-2.2","-18.8",,"0.0048","1.08","1.46","20","1.6","-15.6",,"0.0042"
"BSVUSDT","17.2","06-30 12:00","1010","0.84","0.88","2","-4.8","-9",,"-0.0363","2.04","2.52","41","-5.1","-6.1",,"-0.0465"
"RIFUSDT","98.5","07-22 16:00","1009","9.1","7.95","18","-54.9","-60","200.2","-0.1446","3.71","1.45","25","-30.7","-39.4","21.7","-0.0066"
"POLYXUSDT","11.4","07-20 06:00","1005","0.71","1.09","2","-4.4","-18.3","0.6","-0.0055","1.2","1.19","56","-2.7","-16.6","2.6","0.0012"
"GASUSDT","11.4","06-28 03:00","1005","2.18","1.65","69","2","-13",,"0.0046","1.41","1.46","97","3.4","-12.7",,"0.0048"
"POWRUSDT","28.2","06-28 00:00","1003","2.15","1.98","44","-3.8","-19",,"-0.0027","0.86","0.88","79","-2.4","-18.3",,"0.0013"
"TIAUSDT","10.2","07-02 23:00","998","0.68","0.82","55","-6.8","-14.6",,"0.002","0.8","1.05","30","-7.7","-15.7",,"0.0013"
"CAKEUSDT","6.5","07-05 00:00","996","0.92","0.78","50","0.9","-3.7",,"0.005","0.86","0.73","85","2.3","-3.2",,"0.005"
"MEMEUSDT","15.5","06-25 13:00","996","0.8","1","9","-5.9","-26.8",,"-0.0013","0.73","0.8","40","-0.2","-22.8",,"-0.0011"
"TWTUSDT","6.4","07-08 19:00","995","1.43","0.72","13","-3.2","-23.9","3","0.0028","0.76","0.76","22","-6.8","-21.9","-2.8","0.0042"
"ORDIUSDT","36.1","06-28 18:00","992","0.57","0.45","48","-5","-13.5",,"0.0034","0.56","0.64","60","-11","-13.8",,"0.0025"
"STEEMUSDT","7.4","06-26 02:00","990","1.08","1.3","27","-3.1","-18.1",,"0.005","2.81","1.58","35","-1.4","-15.2",,"0.0031"
"ILVUSDT","9","07-01 16:00","988","1.03","1.42","68","-15.5","-20.4",,"0.004","0.6","1.33","21","-17","-22.1",,"0.0015"
"KASUSDT","11.4","06-29 05:00","982","1.63","1.13","35","-14","-19.9",,"0.0037","2.48","1.1","38","-0.7","-20",,"0.0042"
"BEAMXUSDT","13.7","07-23 19:00","981","0.38","0.45","3","-5.8","-15.7","-0.7","0.005","0.24","0.52","68","-0.7","-12.5","-0.4","0.005"
"1000BONKUSDT","16.7","07-03 03:00","976","0.62","1.05","88","-2.2","-14.1",,"0.0039","0.72","1.01","72","-6.9","-16.3",,"0.0028"
"PYTHUSDT","18.6","07-05 17:00","976","1.36","0.5","43","6.7","-8.8","-5.5","0.0048","0.48","0.35","24","6","-11.2",,"0.0049"
"SUPERUSDT","6.2","07-01 12:00","972","0.58","0.71","57","-12.4","-19.5",,"0.005","0.24","0.52","5","-15.7","-20.7",,"0.005"
"USTCUSDT","8.2","06-25 13:00","972","1.02","1.01","43","-0.5","-17.5",,"0.0004","0.91","0.96","32","3.2","-13.9",,"-0.0009"
"ONGUSDT","19.4","06-29 02:00","971","1.5","0.62","88","-8.1","-9.9",,"0.0045","1.97","0.81","89","-0.5","-12.7",,"0.0044"
"ETHWUSDT","18.6","07-01 16:00","971","0.87","0.99","89","-7.4","-14.2",,"0.005","0.61","0.45","34","-8.1","-16.9",,"0.005"
"JTOUSDT","32.8","06-25 18:00","961","0.73","0.69","50","7.3","-23.9",,"0.0034","0.77","0.41","18","-0.9","-29",,"0.0024"
"1000SATSUSDT","10.9","06-28 20:00","956","1.66","0.8","44","-1","-10.8",,"0.0037","0.55","0.53","68","-2.2","-14.1",,"0.0048"
"AUCTIONUSDT","10.6","06-26 02:00","953","2.43","1.72","23","0.7","-19.8",,"0.0041","3.78","1.36","22","0.4","-14.3",,"0.0039"
"1000RATSUSDT","23.1","06-24 13:00","953","1.54","0.69","22","-6.3","-17.8",,"0.005","1.54","0.75","16","-9.9","-18.2",,"0.0108"
"ACEUSDT","122","07-19 10:00","951","8.9","12.91","14","-15.9","-41.6","73.8","-0.0305","2.15","1.16","14","-14.6","-39.2","0.4","0.005"
"MOVRUSDT","18","07-05 16:00","943","1.05","2.08","53","3.8","-12.8","-5.9","0.005","0.59","1.09","86","3","-12.2",,"0.005"
"XAIUSDT","7","06-25 13:00","928","2.36","1","24","3.4","-18.4",,"0.0018","1.51","0.95","56","12.5","-11.7",,"0.004"
"WIFUSDT","20.5","06-26 15:00","919","1.31","1.44","48","-0.7","-19.2",,"-0.0033","1.52","1.18","25","-6.1","-20.7",,"-0.0019"
"MANTAUSDT","80.9","06-27 15:00","919","1.44","2.18","28","31","-8.4",,"0.005","1.15","3.3","63","37.5","-3.7",,"0.005"
"ONDOUSDT","18.6","07-20 14:00","917","0.75","0.65","47","4.9","-12.2","-5.7","-0.0043","3.13","1.18","24","6","-11.5","-10.4","-0.0033"
"LSKUSDT","11","06-26 05:00","912","1.05","0.87","40","-5.4","-16.7",,"-0.0027","2.09","1.28","41","-4.6","-14.4",,"-0.0115"
"ALTUSDT","10.6","07-09 14:00","912","0.65","0.62","40","10.6","-16.9","-0.4","0.005","1.02","0.71","24","5.1","-17.6","-1.3","0.005"
"JUPUSDT","18.9","06-30 12:00","906","0.73","0.55","9","1.4","-14.5",,"-0.0056","0.81","0.49","30","12.2","-9.6",,"-0.0068"
"ZETAUSDT","13.7","06-26 02:00","905","1.5","1.25","17","-2.4","-20.1",,"0.0028","4.42","3.64","26","1.1","-15.4",,"0.003"
"RONINUSDT","9.8","06-30 22:00","901","0.93","0.79","2","-13.6","-17.4",,"0.0008","0.68","0.51","73","-8.5","-13",,"0.005"
"DYMUSDT","15.1","07-03 15:00","900","0.3","0.58","62","-7.2","-24.9",,"0.005","0.41","0.54","82","-5.3","-26.5",,"0.005"
"PIXELUSDT","14.2","07-01 01:00","887","0.81","0.74","8","-21.1","-22.9",,"0.0032","0.54","0.68","18","-16.2","-19.4",,"0.0034"
"STRKUSDT","9.3","06-28 21:00","886","1.15","0.92","22","-19","-24.6",,"0.0027","0.87","1.17","37","-2.6","-24.1",,"0.0026"
"GLMUSDT","18.7","06-29 16:00","885","1.6","1.38","22","-15.4","-16.2",,"-0.0483","3.05","9.01","16","-9.3","-15.8",,"-0.0648"
"PORTALUSDT","21.4","06-26 01:00","877","0.82","0.3","22","25.7","-27.3",,"-0.0433","0.42","0.19","24","22.3","-25.2",,"-0.0366"
"AXLUSDT","6.4","06-26 02:00","876","0.95","0.99","40","-2.4","-18.9",,"0.0044","1.18","0.64","50","-2.2","-16.6",,"0.005"
"METISUSDT","7.5","07-09 07:00","866","0.99","1.17","37","-7.9","-23.9","-0.5","0.0028","0.78","1.28","12","-10.4","-24.8","-5.4","0.0012"
"AEVOUSDT","14","06-28 09:00","864","0.51","0.57","38","-13.3","-17.3",,"0.005","1.19","0.93","58","-8.9","-16.8",,"0.005"
"VANRYUSDT","80","07-04 11:00","864","2.93","4.17","59","-14.4","-22.5",,"0.005","2.23","3.65","61","-9.4","-23.1",,"0.005"
"BOMEUSDT","8.6","06-26 02:00","862","0.75","1.36","36","-9.5","-18.7",,"0.0024","1.69","0.95","37","-5.1","-17.6",,"-0.0011"
"ETHFIUSDT","21.1","07-03 19:00","859","0.98","1.07","84","7","-7.1",,"0.0048","0.64","0.66","68","-7.7","-16.8",,"0.0036"
"ENAUSDT","9.6","07-01 13:00","845","1.2","1.59","7","-21.2","-27.7",,"-0.0141","1.25","1.44","4","-17.3","-27.3",,"-0.0051"
"WUSDT","16.6","06-25 19:00","843","1.65","0.66","21","1.5","-30.6",,"0.0034","4.26","1.12","6","5.2","-27.9",,"0.0013"
"TNSRUSDT","30.6","06-24 18:00","838","3.42","0.31","8","4.4","-38.4",,"-0.0595","2.96","2.42","2","7.7","-36.2",,"-0.3311"
"SAGAUSDT","15.1","07-24 00:00","838","1.93","0.63","10","-0.8","-28.7","-6.2","0.005","1.53","1.87","44","3.2","-26","8.3","0.005"
"TAOUSDT","8.9","07-01 13:00","835","0.74","0.85","9","-22.4","-32.5",,"0.0005","0.46","0.74","1","-23.2","-31.3",,"0.0022"
"REZUSDT","17.5","06-25 13:00","816","1.46","0.66","28","18","-16.5",,"0.005","1.42","0.79","11","26","-11.2",,"0.005"
"BBUSDT","9.1","06-25 13:00","804","1.4","1.24","22","4.9","-21.5",,"0.0049","1.37","1.06","7","12.5","-17.4",,"0.0043"
"NOTUSDT","10.8","07-03 11:00","800","0.51","0.8","94","-0.5","-21.4",,"0.0048","0.73","1.05","81","-6.2","-22.7",,"0.004"
"TURBOUSDT","16.8","06-28 06:00","786","1.39","0.9","72","1.4","-15.4",,"0.0041","1.27","1.2","69","4.5","-15.9",,"0.0046"
"IOUSDT","13.7","07-02 07:00","774","0.79","0.85","35","-6.7","-26.4",,"0.0043","0.62","0.72","16","-10.8","-24.5",,"0.005"
"ZKUSDT","8.7","07-01 12:00","769","0.6","0.82","27","-14.4","-21.8",,"0.005","0.3","0.77","10","-15.3","-20.9",,"0.0044"
"MEWUSDT","13.4","06-26 02:00","768","1.02","1.07","52","-5.7","-21.4",,"0.005","2.22","0.81","41","-7.1","-19.8",,"0.005"
"LISTAUSDT","15.1","07-21 15:00","766","0.87","0.97","68","-3.4","-17.6","-3.1","0.005","0.65","0.71","57","-7.2","-20","2.7","0.005"
"ZROUSDT","13.5","07-05 20:00","765","0.66","0.68","56","-0.8","-25","0.9","0.005","1","0.9","88","3.7","-23.6",,"0.005"
"RENDERUSDT","10.3","06-26 02:00","730","1.25","1.14","29","1.2","-20",,"0.0027","0.99","1.01","61","2.9","-16.1",,"-0.0036"
"BANANAUSDT","24.8","07-06 14:00","710","0.78","0.67","20","4","-9.1","-5","0.005","2.8","2.01","63","9","-4.4","4","0.0047"
"RAREUSDT","18","07-09 14:00","709","1.27","1.1","31","2.8","-28.4","-0.6","-0.0014","1.36","1.14","18","0.5","-29.3","-3.3","0.0015"
"GUSDT","42","06-25 01:00","710","7.41","60.55","50","-6.3","-13.5",,"-0.0147","5.2","32.23","46","-10.6","-13.9",,"-0.0065"
"SYNUSDT","66.8","06-29 12:00","709","0.66","0.5","70","871.9","-35.3",,"-0.0873","1.31","0.41","93","1118.6","-27.2",,"-0.0834"
"BRETTUSDT","9.3","06-26 02:00","705","0.64","0.63","41","15","-31.4",,"0.005","0.77","0.52","55","11.2","-28.6",,"0.005"
"POPCATUSDT","19.1","07-02 01:00","702","0.42","0.19","25","-6","-26.5",,"-0.0018","0.53","0.18","18","-7.2","-26.3",,"0.005"
"SUNUSDT","6.4","07-05 03:00","702","1.57","0.65","67","-2.1","-3.8",,"0.0036","0.86","0.88","79","-0.9","-3.6",,"0.0049"
"DOGSUSDT","27.7","07-03 09:00","699","0.71","0.67","77","0.4","-19.3",,"0.005","0.47","0.69","92","-6.8","-20.2",,"0.005"
"FLUXUSDT","7.7","07-03 15:00","691","0.8","1.18","76","-7.7","-17.9",,"0.0045","0.68","1.24","78","-8.2","-19.9",,"0.0045"
"RPLUSDT","47.5","07-04 00:00","685","1.54","4.51","23","23.7","-27.8",,"-0.1188","6.13","2.55","69","47.6","-12.4",,"-0.0236"
"POLUSDT","7.1","06-25 13:00","681","1.88","1.03","11","-8.9","-14.4",,"0.0002","1.74","0.96","13","-3.9","-8.8",,"-0.0003"
"1MBABYDOGEUSDT","16.1","07-10 21:00","678","0.48","0.68","64","0.6","-17.1","4.5","0.0031","0.58","0.78","43","1.1","-17.6","-2.1","-0.0001"
"NEIROUSDT","10.8","06-25 13:00","678","1.3","0.81","43","-0.5","-18.2",,"-0.001","1.48","0.91","8","3.8","-15.8",,"-0.0014"
"FIDAUSDT","9.5","06-30 18:00","675","0.68","0.29","29","-15.2","-22.3",,"-0.015","0.43","0.24","54","-13.9","-16.8",,"-0.0178"
"CATIUSDT","10.7","06-29 19:00","674","2.01","1.38","7","-6.3","-15.2",,"0.005","0.53","1.13","33","0.1","-8.4",,"0.005"
"HMSTRUSDT","101.8","07-03 11:00","668","0.34","0.56","84","25.5","-9.6",,"0.0027","0.32","0.49","73","15.9","-12.9",,"0.005"
"EIGENUSDT","17.2","07-08 02:00","663","0.41","0.98","6","-11.2","-30.4","-0.2","0.0046","0.65","1.24","47","-15","-26.9","-8.2","0.0046"
"DIAUSDT","13.8","07-24 22:00","662","1.07","1.08","13","-9","-24.7","-1.1","0.005","1.04","1.15","5","-3","-23.4","2.4","0.0026"
"1000CATUSDT","20.9","07-25 00:00","643","1.02","0.64","17","-4.9","-21.9","-2.7","-0.0001","1.17","1.07","2","-4.1","-21.2","0","-0.003"
"SCRUSDT","11","07-01 03:00","642","0.63","0.52","34","-20","-23.8",,"0.0007","0.99","0.66","7","-18.8","-22.9",,"0.0021"
"GOATUSDT","13.9","06-26 02:00","639","1.35","1.28","40","-6.9","-17.7",,"0.005","2.55","1.29","34","-7.9","-16.8",,"0.005"
"MOODENGUSDT","12.5","06-25 18:00","639","1.28","1.5","58","-1.7","-15.1",,"0.0039","2.01","1.4","5","-6.6","-18.9",,"0.0031"
"SAFEUSDT","18.4","06-25 03:00","639","1.94","0.89","22","-13.5","-22.2",,"0.005","2.11","0.95","23","-1","-18.6",,"0.005"
"SANTOSUSDT","15.3","07-13 23:00","635","1.29","0.95","6","-10.4","-27","0.7","0.0047","1.11","0.82","16","-6.3","-24.3","-1.4","0.005"
"COWUSDT","7.1","07-14 03:00","626","0.64","0.58","28","-5.4","-19.8","-2.8","-0.0006","0.74","0.67","15","-6.4","-18.5","-4.7","-0.0019"
"CETUSUSDT","7.5","06-28 22:00","626","0.86","0.71","8","-13.2","-17.9",,"0.0034","2.08","0.88","47","-8.5","-17.6",,"0.0037"
"1000000MOGUSDT","8.8","07-02 13:00","626","0.85","0.93","96","-6.3","-13.4",,"0.0031","0.75","0.89","19","-15.3","-18.3",,"0.0024"
"GRASSUSDT","18.5","06-26 12:00","624","0.7","2.11","37","21.7","-14.7",,"0.005","0.95","2.13","74","29","-7.7",,"0.005"
"DRIFTUSDT","10.8","06-27 18:00","624","0.91","0.24","7","22","-32.6",,"0.005","1.03","0.28","51","32","-28.6",,"0.005"
"ACTUSDT","81.2","06-27 12:00","622","0.36","0.29","99","-8.7","-31.3",,"0.005","0.5","0.3","48","-16","-35.3",,"0.005"
"PNUTUSDT","9.5","06-26 02:00","622","1.62","1.64","22","-2.6","-16.5",,"0.0009","2.51","1.34","39","-1.3","-12.1",,"0.0025"
"BANUSDT","11.1","07-13 12:00","615","2.37","0.69","3","-7.3","-15.4","2","0.005","1.47","0.54","32","-3.5","-10.1","1.9","0.005"
"AKTUSDT","8.4","07-02 18:00","615","0.41","0.91","57","-17","-32.7",,"0.005","0.63","0.71","35","-26.6","-32.4",,"0.005"
"SCRTUSDT","21.9","06-25 13:00","612","2.34","1.54","30","19","-23.3",,"0.005","1.47","0.89","13","30.7","-16.6",,"0.005"
"1000CHEEMSUSDT","9.5","06-25 16:00","608","1.08","0.95","37","-0.6","-22.8",,"0.005","1.11","0.85","5","0.4","-22",,"0.005"
"THEUSDT","50.2","07-02 15:00","606","1.91","6.83","22","-19.5","-30.5",,"0.0064","2.23","5.38","24","-22.8","-27",,"0.008"
"MORPHOUSDT","14.6","07-01 05:00","605","0.5","1.1","94","-1.3","-6.2",,"0.0019","1.68","0.69","93","-1.9","-7.4",,"0.0014"
"CHILLGUYUSDT","28.2","07-24 18:00","605","0.68","0.68","10","-1.9","-17","-0.1","0.005","1.3","2.82","27","-0.5","-16","2.3","0.0051"
"KAIAUSDT","8.3","06-25 13:00","598","2","2.38","30","6.6","-14.2",,"-0.0046","1.46","2.12","30","11.8","-10",,"0.0044"
"AEROUSDT","12.9","07-02 15:00","598","0.83","0.9","78","20","-11.9",,"0.005","0.55","0.63","74","-4.8","-16.8",,"0.0048"
"ACXUSDT","14.4","06-26 02:00","596","0.7","0.92","14","-6","-12.8",,"0.0043","0.7","1","14","-6.9","-12",,"0.0043"
"ORCAUSDT","10.1","06-25 19:00","596","0.95","0.46","24","-9.7","-15.7",,"-0.0091","1.3","0.66","12","-7.2","-14.8",,"-0.0288"
"MOVEUSDT","10.6","06-24 17:00","593","1.14","0.61","12","0.1","-19.3",,"-0.0152","0.83","0.59","26","2.6","-15.8",,"-0.0025"
"RAYSOLUSDT","20.9","07-01 10:00","593","1.17","0.82","58","1.5","-7.1",,"0.0033","0.81","0.64","42","-2.5","-7.4",,"0.004"
"KOMAUSDT","17.5","07-19 20:00","593","0.65","0.54","86","-6.4","-20.5","1.1","0.0411","0.94","0.65","88","-4.5","-20.8","0.7","0.0296"
"VIRTUALUSDT","18.5","07-10 00:00","593","0.38","0.75","64","1.5","-21.3","0.6","-0.0086","0.68","0.88","22","-5","-22","3.8","-0.0084"
"SPXUSDT","14.2","07-02 14:00","592","1.09","1.09","93","-4","-23.1",,"0.005","0.63","0.96","47","-21.9","-30.3",,"0.005"
"MEUSDT","16.6","07-01 05:00","592","0.53","0.72","67","-9.9","-15.3",,"-0.0206","0.34","0.31","11","-8.2","-16",,"-0.0066"
"AVAUSDT","9.7","06-30 22:00","589","0.6","0.88","12","-18.8","-23.7",,"0.005","0.55","0.81","39","-14.6","-21.1",,"0.005"
"VELODROMEUSDT","17.7","07-02 22:00","589","1.16","1.21","91","24.7","-9.8",,"0.005","0.4","0.59","97","9.5","-17.2",,"0.005"
"MOCAUSDT","13.3","07-09 02:00","587","1.28","0.92","17","0.5","-17.2","3.6","0.005","1.04","0.86","4","-3.4","-15.9","0.8","0.005"
"VANAUSDT","8.8","06-28 12:00","586","1.48","0.95","38","-3.3","-12",,"0.0044","1.41","1.29","66","-13.5","-11.2",,"0.0039"
"PENGUUSDT","11.6","06-26 02:00","585","1","1.18","30","-4.4","-22.9",,"-0.01","1.81","1.05","37","-4.3","-19.8",,"-0.0114"
"LUMIAUSDT","32.8","07-16 08:00","585","0.63","1.57","42","-37.6","-50","-5.4","-0.0016","4.41","11.98","10","-32.5","-51.1","-9.6","-0.0115"
"USUALUSDT","10.4","06-28 09:00","584","0.74","0.69","54","-13.7","-17.1",,"0.0017","1.58","1.28","63","5.5","-16.8",,"-0.0005"
"AIXBTUSDT","7.6","07-10 06:00","582","1.2","1.2","62","-5.1","-23.7","-0.1","0.0026","1.4","0.92","36","-9.9","-26.3","-5.4","0.0016"
"FARTCOINUSDT","21.3","07-02 06:00","582","0.58","0.93","32","7.6","-7.5",,"0.0052","0.73","1.11","82","5.6","-2.6",,"0.0073"
"KMNOUSDT","14.2","07-07 08:00","582","0.77","0.58","22","-7.6","-10.8","-0.5","0.0044","0.92","0.59","8","-4.2","-9.5","-2","0.0047"
"CGPTUSDT","12.9","06-25 13:00","582","2.13","1.28","45","-7.9","-21.1",,"0.005","1","0.81","12","0.3","-17.3",,"0.005"
"HIVEUSDT","8.2","06-26 02:00","580","0.96","0.99","62","2","-10.4",,"-0.0029","1.13","0.82","73","0.5","-9.8",,"-0.0205"
"DEXEUSDT","181.2","07-24 07:00","579","10.44","2.72","23","-94.2","-95.8","168.4","-0.8282","35.91","7.7","0","-88.7","-93.5","256.6","-0.8318"
"PHAUSDT","15.3","07-18 00:00","573","1.27","1.03","17","-17","-45.2","3.4","0.0037","1.09","0.94","17","-13.4","-43.3","-5.9","0.005"
"GRIFFAINUSDT","17.5","06-25 13:00","569","1.27","0.7","18","-9.1","-17.9",,"0.005","1","0.76","9","-4.1","-15.9",,"0.0054"
"ZEREBROUSDT","39.1","07-19 00:00","569","0.69","1.37","45","-4.9","-39.2","-0.1","0.0148","0.83","1.19","11","-15.3","-40","-0.3","0.0136"
"BIOUSDT","13.4","06-30 07:00","569","0.56","0.47","5","-11.2","-28.9",,"0.0028","0.94","0.43","29","-12.6","-27",,"0.0042"
"COOKIEUSDT","29.4","06-27 15:00","565","1.05","0.58","60","-1.6","-18.3",,"0.0035","0.81","0.88","64","-3.6","-17.4",,"0.0118"
"ALCHUSDT","15.9","06-24 09:00","565","0.64","0.46","7","142.3","-19.3",,"0.0063","0.36","0.51","6","148","-15.4",,"0.0064"
"SWARMSUSDT","14.2","06-28 08:00","565","0.37","0.41","66","-9.1","-28.6",,"0.005","0.68","0.55","46","-7.7","-29.8",,"0.005"
"SONICUSDT","11.3","07-01 06:00","564","1.27","0.85","23","-13.7","-16.4",,"-0.0013","1.55","1.01","36","-10.7","-13.3",,"-0.0053"
"PROMUSDT","77.1","07-19 14:00","557","1.57","0.75","89","23.5","-1.1","6.4","0.0019","0.46","0.54","48","12.3","-5.4","-0.3","-0.0004"
"SUSDT","36.6","06-27 15:00","556","0.31","0.48","77","-13.2","-40.4",,"-0.0031","2.19","1.46","20","-17.6","-42.1",,"-0.0027"
"SOLVUSDT","21","07-18 13:00","555","0.86","0.68","20","-16","-28.4","0.7","0.005","1.15","0.92","22","-13.7","-27.4","1.7","0.005"
"ARCUSDT","16.8","07-14 10:00","554","1.22","1.01","8","-15.4","-20.6","0.3","0.0137","0.76","0.81","29","-10","-15.1","-0.2","0.0171"
"AVAAIUSDT","40.7","07-19 03:00","554","6.89","23.7","58","51.2","-16","73.7","0.0404","2.02","5.14","90","45.1","-2.7","50.8","0.0303"
"TRUMPUSDT","10.1","07-17 12:00","553","1.45","1.39","21","-12.7","-27","-1.9","-0.0005","0.66","1.22","48","-8.9","-25.7","1.2","-0.0003"
"MELANIAUSDT","10.2","07-02 19:00","552","0.63","0.95","82","-4.3","-13.3",,"0.005","0.42","0.78","53","-11.6","-16",,"0.005"
"VTHOUSDT","6.4","06-25 13:00","550","1.34","1.07","49","-0.1","-13.7",,"0.005","2.17","1.05","19","1.4","-11.9",,"0.003"
"ANIMEUSDT","14.2","06-28 07:00","548","0.45","0.41","54","-1.7","-21",,"0.0009","0.7","0.7","84","-0.7","-19.5",,"0.0018"
"PIPPINUSDT","26.9","07-02 03:00","548","0.54","0.78","67","-3.1","-12.6",,"0.0177","0.72","0.75","58","-4.3","-13.7",,"0.0178"
"VVVUSDT","20.6","06-24 17:00","543","1.78","0.86","0","-3","-28.6",,"-0.0247","1.41","0.89","28","8.5","-18.9",,"-0.0089"
"BERAUSDT","12.1","07-01 09:00","534","0.74","0.69","24","-20.5","-26.7",,"0.0046","0.47","0.73","30","-19.8","-24.1",,"0.0048"
"TSTUSDT","16.7","07-06 10:00","531","1.74","1.36","3","-5","-34.6","1","0.005","1.2","1.42","28","-3.1","-32.6",,"0.005"
"LAYERUSDT","7.1","06-26 02:00","529","1.44","0.47","19","2.5","-28.2",,"-0.0497","2.89","2.59","15","4.2","-25.7",,"-0.2152"
"HEIUSDT","58.6","06-24 23:00","528","5.87","3.05","54","19.2","-24.9",,"-0.0573","1.98","0.99","83","30.6","-19.3",,"-0.0289"
"GPSUSDT","20.9","07-01 19:00","523","0.88","0.74","31","-1.5","-12.2",,"0.005","1.36","0.93","60","-0.6","-11.6",,"0.005"
"SHELLUSDT","12.5","06-30 23:00","523","0.49","1.02","16","-19.9","-24.7",,"0.0019","0.75","0.99","60","-17.8","-22.3",,"-0.0008"
"KAITOUSDT","30.1","07-07 11:00","520","2.07","1.52","34","38.9","-8.8","4.2","0.005","1.21","2.23","26","27.7","-10.2","2.4","0.005"
"REDUSDT","16.7","07-01 07:00","506","0.33","0.7","28","-9.5","-26.4",,"0.005","0.46","0.54","55","-4.2","-24.5",,"0.005"
"VICUSDT","18.8","07-01 01:00","500","0.57","0.35","2","-3.8","-20.4",,"-0.0076","0.7","0.6","5","11.4","-15",,"-0.0116"
"EPICUSDT","52.2","07-06 06:00","500","10.87","13.75","18","-10.4","-47","42.4","-0.0122","4.86","10.46","48","24.8","-21.7",,"0.0046"
"BMTUSDT","11","06-30 23:00","495","0.84","1.05","13","-14.1","-18.8",,"0.0014","0.53","1.07","41","-11","-14.4",,"0.0047"
"MUBARAKUSDT","14.1","07-16 08:00","495","1.1","0.74","9","10.5","-13.9","-12.3","0.0044","2.16","1.81","27","21.9","-12.3","5.4","0.0043"
"FORMUSDT","10.2","07-19 11:00","494","1.34","1.33","54","-18.4","-29.1","-0.5","0.0047","2.18","1.49","35","-15.5","-30","0.2","0.0048"
"TUTUSDT","21.1","07-10 14:00","493","2.8","1.41","84","-2.4","-6.3","8.9","0.005","2.51","0.8","92","-0.6","-9.9","-2.1","0.005"
"BROCCOLI714USDT","8.1","07-04 23:00","492","1.29","1.17","58","3.8","-8.9",,"0.005","0.66","1.41","90","3.9","-11",,"0.005"
"BROCCOLIF3BUSDT","57","06-30 23:00","492","1.35","0.35","6","-8.7","-18.1",,"0.0278","1.29","0.43","34","0.6","-12.6",,"0.0256"
"SIRENUSDT","23","07-19 21:00","491","1","1","18","-25.4","-68.9","4.8","0.0351","1.34","0.84","54","-26.5","-67.1","-0.1","0.0468"
"BANANAS31USDT","19.3","07-08 20:00","491","1.98","1.06","10","-15.6","-35.8","-4","0.005","0.74","0.65","35","-2.7","-25.8","-2.1","0.005"
"BRUSDT","18.5","06-26 17:00","491","0.33","0.23","23","-4.8","-35.1",,"0.005","0.47","0.24","34","5.2","-31.9",,"0.0087"
"PLUMEUSDT","11","07-20 13:00","491","0.84","0.54","57","-2.3","-15.1","-1.4","0.0046","1.01","0.6","37","-0.6","-14.9","-3.5","0.0046"
"NILUSDT","15.1","07-03 05:00","488","0.66","1.17","76","-13","-23.6",,"0.005","0.61","1.17","77","-13.6","-24.1",,"0.005"
"PARTIUSDT","13.6","06-24 20:00","487","2.02","1.36","2","63.2","-26.9",,"0.005","1.17","1.24","19","82.8","-15.2",,"0.005"
"JELLYJELLYUSDT","9.3","07-18 21:00","486","1.35","0.61","48","-9.6","-42.4","0.5","0.0064","1.41","1.03","31","-12.7","-43","-0.9","0.0052"
"MAVIAUSDT","17.1","06-24 17:00","486","2.13","2.15","90","0.2","-6.5",,"0.005","1.08","1.04","29","-8.9","-15.3",,"0.005"
"PAXGUSDT","3.2","07-02 01:00","486","0.71","1.94","63","-6.1","-7.4",,"0.0025","0.96","1.22","40","-7.8","-8.7",,"0.0031"
"WALUSDT","11.5","06-26 02:00","485","0.91","0.51","29","2.9","-24.9",,"0.005","3.02","0.57","23","4.5","-21.5",,"0.0047"
"GUNUSDT","19.4","07-03 10:00","481","1.05","1.14","32","-30.1","-40.6",,"0.005","1.14","1.2","50","-33.9","-38.8",,"0.005"
"ATHUSDT","10.4","07-18 16:00","479","0.76","3.9","34","-6","-16.6","8.7","0.005","0.74","0.81","41","-5.8","-16.3","-5.8","0.005"
"BABYUSDT","13.1","06-25 13:00","476","0.66","0.52","63","1.2","-35.3",,"0.0026","0.48","0.42","6","0.9","-35.9",,"0.0023"
"PROMPTUSDT","20.7","07-09 03:00","471","1.34","1.13","14","-9.5","-22.3","0.9","0.005","0.89","1.07","14","-7.7","-18.2","-1.2","0.005"
"STOUSDT","15.3","06-25 14:00","469","2.23","0.38","6","2.7","-32.6",,"0.0042","2.37","0.74","25","13.7","-27",,"0.0046"
"FHEUSDT","21.4","07-11 15:00","469","0.89","0.98","71","-10.1","-37.5","2.9","0.0126","0.56","0.75","48","-15.2","-40.7","3.3","0.0087"
"KERNELUSDT","13.2","07-20 06:00","468","1.3","1.65","3","-19.1","-45.4","14.9","0.0024","1.92","1.47","28","-15.3","-42.1","0.6","-0.0034"
"WCTUSDT","10.7","07-01 07:00","467","0.53","0.39","26","-13.8","-25.8",,"0.0041","0.48","0.41","17","-10.8","-24.9",,"0.0015"
"INITUSDT","9.9","06-25 15:00","466","2.06","0.67","20","-8.8","-21.7",,"0.0039","1.1","0.67","12","-0.2","-14.9",,"0.0039"
"BANKUSDT","166.6","07-18 13:00","463","5.37","13.26","61","93.2","-18.2","-13.5","0.0058","5.53","26.69","66","97.6","-16.9","66.1","0.0083"
"DEEPUSDT","19.3","07-01 12:00","460","1.07","0.72","31","-12.6","-18.2",,"0.005","0.71","1.15","5","-14.3","-17.7",,"0.005"
"HYPERUSDT","12.6","06-26 02:00","459","1.31","1.88","29","14.1","-14",,"0.0026","0.95","0.98","17","9.6","-15.8",,"0.001"
"JSTUSDT","7.1","07-09 13:00","454","1","1.6","99","21.4","-0.1","18.9","-0.0085","1.03","1.53","87","15.2","-0.7","16.8","-0.0096"
"SIGNUSDT","8.3","07-01 09:00","454","0.74","0.58","17","-9.2","-18.1",,"0.003","0.6","0.53","10","-6.4","-16.8",,"0.0029"
"PUNDIXUSDT","56.6","06-26 02:00","452","3.13","6.41","13","-5.8","-27.5",,"0.0008","2.18","1.77","33","6.7","-16.1",,"0.0034"
"CTKUSDT","9.1","07-01 11:00","452","0.94","0.96","15","-20.4","-24.3",,"0.005","0.64","1.27","10","-18.9","-21.4",,"0.005"
"AIOTUSDT","36.3","07-13 02:00","452","6.27","2.07","2","-28.8","-63.6","17.5","0.0139","1.85","0.51","24","-2","-50.2","3","0.0097"
"DOLOUSDT","10.5","07-08 15:00","451","1.02","0.91","12","-5.6","-27.4","-0.4","0.005","0.66","0.88","26","-5.9","-24.4","2.3","0.005"
"HAEDALUSDT","15.8","07-01 12:00","451","0.72","1","26","-17.1","-23.1",,"0.0004","0.64","0.95","38","-19.1","-21.9",,"0.0014"
"SXTUSDT","41.9","07-10 18:00","450","0.4","0.7","36","-2.9","-17.6","-3.5","0.0017","0.55","0.92","77","1.1","-16.1","-10.8","0.0006"
"ASRUSDT","5.3","06-24 09:00","446","1.22","0.4","53","0.5","-34.7",,"0.0045","0.96","0.39","15","-2.7","-36.6",,"0.0016"
"ALPINEUSDT","19.9","07-14 07:00","446","1.25","0.89","42","-2.2","-18.7","2.2","0.0036","1.32","0.79","17","-2.4","-18.2","3.3","0.0047"
"B2USDT","53.3","07-24 05:00","445","5.67","48.54","12","-38.8","-43.8","42.8","0.0085","5.67","31.68","62","-13.4","-23.4","31.5","0.0095"
"SYRUPUSDT","34","06-26 12:00","445","1.31","2.16","3","-35.1","-22.3",,"0.0041","1.52","1.63","47","-29.5","-15.2",,"0.0005"
"DOODUSDT","13.1","07-19 19:00","442","1.77","6.57","6","-8.6","-17.9","4.5","-0.0059","1.58","5.48","21","-9.4","-16.6","14.5","-0.0096"
"OGUSDT","9.2","07-05 11:00","440","0.66","1.25","54","-5.5","-11.5",,"0.0043","0.43","0.87","42","-10.3","-11.8",,"0.005"
"SKYAIUSDT","68.2","07-08 03:00","439","2","0.9","1","-90.2","-93.3","-3","0.005","0.45","0.64","23","-86.6","-90.8","3.5","0.0106"
"NXPCUSDT","7.5","07-20 12:00","437","1.22","1.59","24","-10.4","-34.7","5.2","0.0021","1.27","0.76","6","-8.3","-32","0.9","0.0039"
"CVCUSDT","9.9","06-26 05:00","436","0.87","1.04","22","-0.3","-19.5",,"0.0046","2.19","1.78","41","2.4","-15.9",,"0.0029"
"AGTUSDT","22.4","06-26 17:00","432","0.44","0.05","12","41.5","-46.2",,"0.0118","0.11","0.06","27","64.5","-44.8",,"0.0102"
"AWEUSDT","17.8","06-25 02:00","431","1.24","3.31","45","2.7","-5.6",,"0.0028","1.59","3.48","65","5.3","-4.4",,"0.002"
"BUSDT","64.9","07-18 08:00","429","0.11","0.04","54","-47.4","-59.4","-2.4","0.005","0.83","0.05","53","-54.7","-59.6","-3.9","0.005"
"SOONUSDT","8.2","07-13 03:00","429","1","0.69","15","-6.8","-11.4","-1.5","0.0059","1.02","0.84","13","-3.4","-9.9","2.4","0.0104"
"HUMAUSDT","20.7","06-25 04:00","425","1.63","1.01","46","0.5","-15.1",,"0.005","1.79","0.61","22","0.9","-13.3",,"0.005"
"AUSDT","12.1","07-04 07:00","424","0.85","0.85","63","1","-12.9",,"0.0046","0.62","0.89","72","-1.1","-14.5",,"0.005"
"SOPHUSDT","7.3","07-20 06:00","423","0.43","0.84","6","-11.8","-23.2","0.1","-0.0041","0.29","0.67","54","-10.3","-20.6","1.5","0.0003"
"MERLUSDT","17.5","06-25 20:00","423","2.55","2.04","11","-10","-34",,"0.0049","3.82","1.56","9","-0.6","-30.4",,"0.005"
"HYPEUSDT","11.1","06-28 21:00","422","0.88","0.5","14","-1.7","-19.6",,"-0.0008","0.83","0.89","32","8.9","-18.9",,"-0.0029"
"1000000BOBUSDT","16.2","07-03 17:00","416","0.54","1.02","84","49.5","-4.1",,"0.035","1.24","0.86","63","39.6","-9.8",,"0.0259"
"LAUSDT","33.8","07-20 05:00","416","0.41","0.67","4","-18.1","-38.1","-1","0.0006","1.23","1.05","9","-18.6","-36.5","4","-0.0009"
"HOMEUSDT","31.2","07-14 23:00","411","0.89","1.11","65","-22.1","-63.5","7.6","-0.005","1.32","0.73","8","-27.4","-64.8","-7.9","-0.0012"
"RESOLVUSDT","27.1","06-24 17:00","410","7.17","1.61","2","-3.8","-36.2",,"-0.0208","5.08","5.35","51","17.8","-18.1",,"-0.0362"
"TAIKOUSDT","495.7","06-30 23:00","410","1.06","8.03","50","-10","-19.8",,"-0.225","0.25","0.25","64","-24","-31.9",,"-0.1168"
"SQDUSDT","9.5","07-01 10:00","409","0.49","0.54","28","-38.8","-42.5",,"0.005","0.67","0.93","50","-16.6","-42",,"0.005"
"PUMPBTCUSDT","20.9","07-01 09:00","408","0.77","0.71","37","-20.3","-24.4",,"0.0096","0.53","0.89","56","-17.9","-21.4",,"0.0091"
"SPKUSDT","17.4","06-24 17:00","404","1.19","0.59","9","-6.5","-24.7",,"0.0043","1.29","1.19","37","-1.5","-19.7",,"-0.0007"
"MYXUSDT","49.4","06-26 10:00","403","1.49","1.09","17","-0.7","-58.2",,"0.0055","1.48","0.86","26","10.9","-50.1",,"0.0056"
"FUSDT","10.7","07-09 16:00","402","0.68","0.72","37","0","-21.6","1.4","0.005","1.57","0.67","8","-2.7","-23","2.3","0.005"
"NEWTUSDT","7.4","07-01 10:00","401","0.89","0.93","21","-12.8","-17.1",,"-0.0435","0.79","0.84","22","-12.7","-16.2",,"-0.0361"
"HUSDT","39.1","06-29 16:00","396","0.29","0.22","86","-78.2","-89.2",,"0.0122","0.39","0.2","29","-84.1","-90.3",,"0.0123"
"SAHARAUSDT","9.8","07-08 09:00","395","0.96","1.04","6","-30.7","-38.3","-8.4","-0.0093","0.63","0.6","35","-9.3","-33.9","-0.5","-0.0061"
"ICNTUSDT","47.8","06-25 13:00","387","1.54","1.27","37","0.8","-22.8",,"0.0043","0.83","1.48","49","3.6","-18.2",,"0.0046"
"BULLAUSDT","37.2","07-18 03:00","387","4.23","5.23","65","19.9","-8.6","6.3","0.0449","1.91","3.45","99","31.2","-0.7","1","0.0381"
"IDOLUSDT","86.9","06-24 18:00","387","4.62","1.11","9","2.2","-51.9",,"0.005","2.5","3.71","42","22.7","-42.3",,"0.005"
"MUSDT","88.7","06-25 00:00","384","0.9","0.9","6","133","-18.4",,"0.0118","0.56","0.71","17","137.8","-13.2",,"0.0225"
"PUMPUSDT","23.6","07-19 02:00","381","0.62","0.54","42","8.1","-7.5","2","0.0042","1.44","1.23","28","2.4","-7.7","1.5","0.005"
"CROSSUSDT","11.4","07-04 09:00","381","0.99","0.99","8","-12.1","-24.3",,"0.005","0.51","0.66","66","-10.6","-20.5",,"0.005"
"AINUSDT","62.9","06-25 04:00","381","0.35","0.61","24","-19.1","-38",,"0.005","0.64","0.5","16","-15.6","-37.1",,"0.0091"
"CUSDT","12.9","07-14 03:00","376","0.9","0.53","9","-17.5","-39.9","0.4","0.005","1.88","0.54","13","-16.1","-37.1","-3.7","0.005"
"VELVETUSDT","163.6","06-26 11:00","376","0.41","0.22","87","29.1","-16.7",,"0.0128","0.59","0.16","93","-5.2","-20.1",,"0.0135"
"TACUSDT","174.5","06-28 18:00","376","1.83","0.85","34","29.5","-17.2",,"0.0147","1.34","2.07","8","521.1","-21.3",,"0.0206"
"ERAUSDT","68.7","07-20 05:00","373","0.61","1.36","4","-27.1","-42.5","17.4","-0.0331","0.79","1.32","14","-23","-37.7","13.3","-0.0379"
"TAUSDT","22.1","07-02 18:00","370","0.9","2.04","23","7.2","-14.1",,"0.0117","1.87","1.3","71","15.7","-5.3",,"0.0204"
"CVXUSDT","13.7","07-13 12:00","368","1.33","0.79","22","12.5","-14.3","-1.9","0.004","1.23","0.93","40","13.5","-12.8","-3.8","0.0042"
"SLPUSDT","24.5","07-02 21:00","368","4.32","11.4","16","-2.8","-29",,"-0.0013","4.28","6.33","48","8.5","-17.8",,"0.005"
"ZORAUSDT","9.4","07-01 08:00","366","0.95","0.68","18","-20.4","-24.4",,"-0.0004","0.94","1.01","4","-18.5","-20.8",,"-0.0077"
"TAGUSDT","98.6","07-08 15:00","366","9.09","4.72","14","-45.7","-62.8","6.9","0.005","0.3","0.6","63","-4.4","-31.1","-0.3","0.005"
"ESPORTSUSDT","97.2","07-15 17:00","362","0.29","0.3","48","-47.9","-94.4","-1.6","0.0536","0.56","0.32","47","-48.9","-94.4","-2","0.0271"
"TREEUSDT","34.2","07-20 06:00","361","1.08","0.95","8","-18.8","-29.6","2.9","-0.0245","3.22","3.06","15","-13.5","-24","26.8","-0.0592"
"PLAYUSDT","21.6","07-04 03:00","360","0.31","0.6","29","-17.5","-27",,"0.0242","0.34","0.62","59","-20.6","-26.3",,"0.0182"
"NAORISUSDT","27.9","07-03 11:00","360","0.43","0.57","46","20.2","-13.9",,"0.007","0.77","0.6","15","17.4","-15",,"0.0101"
"TOWNSUSDT","18.9","06-29 21:00","354","0.62","0.52","65","-18.7","-22.1",,"0.005","0.58","0.42","17","-21.1","-24.3",,"0.005"
"PROVEUSDT","9.6","07-20 06:00","354","0.99","0.66","11","-3.7","-14.7","2.1","0.0026","1.22","0.7","29","-1.6","-11.8","2.7","0.0018"
"ALLUSDT","6","06-25 13:00","354","1.75","1.05","58","-1.9","-9.3",,"0.0047","1.79","1","24","1","-7.3",,"0.0047"
"INUSDT","96.9","06-29 15:00","353","1.26","1.75","91","66.3","-2",,"0.0277","1.71","1.8","81","43.4","-2.9",,"0.033"
"CARVUSDT","28.7","06-25 20:00","352","2.86","9.68","28","10.8","-27.2",,"0.005","0.96","1.89","22","4.1","-31.3",,"0.005"
"AIOUSDT","23.7","07-10 05:00","347","0.78","0.61","90","-18.7","-32.2","0.4","0.005","3.55","0.97","24","-22.3","-35.6","-0.5","0.005"
"XNYUSDT","34.5","06-29 23:00","347","0.71","0.84","16","-13.5","-18.4",,"0.0164","0.91","1.1","36","-15","-17.9",,"0.0063"
"USELESSUSDT","20.1","06-25 13:00","345","0.91","0.62","69","18.2","-14.2",,"0.005","1.2","0.44","44","8.6","-16.6",,"0.0051"
"SAPIENUSDT","10.6","07-21 21:00","339","1.86","2.31","43","5","-14.6","11.3","0.005","1.77","1.39","51","1.7","-13.6","7.3","0.005"
"XPLUSDT","22.5","07-02 14:00","338","0.64","0.57","77","-8.5","-24.2",,"0.0032","2.14","0.82","24","-20.5","-26.7",,"0.0048"
"WLFIUSDT","14.1","07-22 11:00","337","0.7","1.08","36","-2.1","-11.3","2.2","0.005","0.94","0.88","15","-7","-11","1.7","0.005"
"SOMIUSDT","18.5","07-06 05:00","335","0.52","0.55","6","-4.9","-12.6","2.4","0.005","0.55","0.78","9","-5.6","-12.2",,"0.005"
"BASUSDT","50.1","07-03 16:00","333","2.04","0.83","22","-6","-54.5",,"-0.023","1.16","0.81","10","15.3","-44.7",,"-0.0062"
"BTRUSDT","10.9","07-18 12:00","333","2.58","1.06","2","-21.1","-43.4","4","0.0223","1.39","1.09","16","-16.8","-41.4","-2.3","0.0078"
"MITOUSDT","24","07-08 15:00","331","1.05","0.93","11","-25.7","-34.4","-5.3","0.005","0.57","0.63","15","-11.1","-28.4","-0.1","0.005"
"HEMIUSDT","73.6","07-19 20:00","331","1.52","1.34","47","-2.4","-29.6","3.2","0.005","0.8","1.06","57","-7.2","-30.3","8.3","0.005"
"LINEAUSDT","7.9","07-13 01:00","328","0.89","0.65","16","3.9","-12.4","-3.8","0.0025","1.73","1.32","7","3.5","-12.4","6.2","0.0044"
"QUSDT","27.7","07-25 00:00","327","0.72","0.66","44","-2.4","-15.8","0.4","0.005","0.66","0.48","30","0.6","-15.8","0.9","0.005"
"ARIAUSDT","42","07-18 13:00","326","1.34","0.87","26","-19","-31.8","0.7","0.005","0.53","0.87","3","-20.9","-31.2","0.3","0.005"
"TAKEUSDT","20.9","07-03 13:00","326","0.95","1.93","64","-1.6","-13.5",,"0.005","1.58","1.77","77","-3","-13.5",,"0.005"
"PTBUSDT","37.3","07-01 03:00","326","0.67","1.01","46","-10","-23.5",,"0.0188","0.72","0.95","42","-11.4","-23.5",,"0.0161"
"OPENUSDT","7.3","07-03 23:00","320","0.42","0.72","75","-28.9","-39.9",,"0.005","0.52","0.82","40","-29.1","-41.5",,"0.005"
"FLOCKUSDT","30.9","07-15 08:00","320","0.62","1.05","69","-0.5","-25.1","2.2","0.005","1.28","0.94","33","-4.4","-26.1","6.3","-0.0031"
"SKYUSDT","15","07-02 02:00","320","0.45","1.17","29","-8.3","-12.5",,"0.005","1.14","1.45","56","-8.9","-12.7",,"0.005"
"AVNTUSDT","12.9","07-02 02:00","319","0.33","0.48","75","-20.9","-23.7",,"-0.0031","0.76","0.42","29","-22.6","-25",,"-0.0053"
"HOLOUSDT","10.7","07-02 07:00","318","1.06","0.59","57","-7.3","-10.4",,"0.005","1.75","1.12","7","-6.8","-13.3",,"0.0043"
"XPINUSDT","45","07-10 08:00","317","1.01","0.83","84","10.6","-2.7","2.3","0.0087","0.62","1.51","52","4.2","-5","4.2","0.0121"
"UBUSDT","47.2","06-29 00:00","317","0.4","0.24","92","-31.3","-42.4",,"0.0066","0.46","0.52","36","-38","-49.1",,"0.0081"
"ZKCUSDT","13.8","07-22 07:00","313","1.17","1.66","37","-3.1","-36.4","-7.8","0.0024","0.83","0.93","96","-3.2","-34.3","4.1","0.0045"
"TOSHIUSDT","23.1","07-17 03:00","312","1.15","1.42","10","-7.5","-23","12.3","0.004","0.68","1.13","94","1.1","-18.4","0.8","0.005"
"STBLUSDT","13.6","07-21 22:00","312","1.07","0.81","75","-5.4","-22.5","4.1","0.005","0.61","0.89","60","-12.8","-25.2","0.8","0.005"
"0GUSDT","19.8","07-14 12:00","311","2.04","1.16","13","-14.7","-47.2","3.9","-0.0064","2.04","1.02","21","-18.8","-45.6","4.7","-0.0041"
"BARDUSDT","13.1","07-22 09:00","311","1.44","0.49","37","-1.2","-29","-3.8","-0.0153","0.89","1.51","61","-3.3","-27.2","0.2","-0.0241"
"ASTERUSDT","6.1","06-25 13:00","310","0.37","0.34","59","-0.7","-23",,"0.0028","0.35","0.28","52","0.7","-21.9",,"0.0035"
"TRADOORUSDT","33.3","07-17 21:00","310","1.89","0.74","15","0.4","-40.2","-2","0.0067","0.86","0.83","30","4.3","-38.6","0.7","0.0062"
"BLESSUSDT","26.9","07-02 14:00","306","0.33","0.39","67","10.5","-41.8",,"0.0061","0.51","0.23","28","-10.7","-44.1",,"0.0092"
"FLUIDUSDT","28.2","06-30 22:00","305","1.57","2.67","16","-27.8","-30.1",,"0.0045","1.19","0.92","45","-20.1","-25.7",,"0.005"
"COAIUSDT","16.4","06-28 21:00","304","1.13","0.61","5","-26.5","-41.5",,"0.005","1.09","0.62","60","-11.2","-39.8",,"0.005"
"HANAUSDT","32.8","07-19 11:00","303","1.73","0.47","85","-6.3","-17.7","0.8","0.0174","3.26","0.58","55","-10.6","-20.6","-0.8","0.0201"
"MIRAUSDT","25.6","07-03 12:00","303","2.43","9.02","50","-3.3","-24",,"-0.2058","1.74","2.25","38","-19.7","-30.4",,"-0.0529"
"AKEUSDT","342.8","07-14 14:00","303","0.14","0.43","48","-50.4","-63.3","-14.3","0.0193","1.1","0.3","21","-49.6","-63.5","-4.5","0.0108"
"ORDERUSDT","12.8","07-23 19:00","302","1.11","3.16","54","-0.7","-20.2","-6.8","0.002","1.04","4.03","16","-2.9","-24","8.4","0.002"
"LIGHTUSDT","16.3","07-24 23:00","302","1.24","1.84","35","19.5","-12.7","-0.5","0.0087","1.8","2","14","16.5","-14.7","2.2","0.0088"
"XANUSDT","23.8","06-30 12:00","300","0.44","0.35","8","-2.2","-20.7",,"0.005","1.4","0.47","9","-2.4","-19",,"0.005"
"FFUSDT","18","07-14 14:00","299","1.72","2.09","43","-9","-19.8","0.6","0.005","0.92","1.1","44","-9.8","-23.7","1.7","0.005"
"EDENUSDT","19.3","06-24 17:00","299","1.77","0.49","13","-4","-30.3",,"0.0039","0.81","0.43","68","9.9","-19.8",,"0.0035"
"NOMUSDT","56.4","06-30 18:00","298","0.4","0.6","36","-20.1","-26.9",,"0.0012","0.3","0.5","72","-18.8","-24",,"0.0015"
"TRUTHUSDT","13.4","07-17 23:00","298","1.63","0.97","36","-11.8","-36.9","-1.5","0.005","0.86","0.95","78","-10.7","-34.1","-1.5","0.005"
"2ZUSDT","10.2","06-30 12:00","297","0.23","0.24","3","-15.7","-34",,"0.0049","0.18","0.18","40","-13.9","-30.7",,"0.0047"
"EVAAUSDT","200.9","07-12 00:00","296","3.79","1.23","23","134","-51.2","3","0.0131","3.4","1.9","62","171.4","-36.3","-9.8","0.0238"
"LYNUSDT","20","07-17 18:00","293","1.55","2.67","75","1.9","-16","3.9","0.0177","0.44","1.07","71","3.2","-16","10.2","0.0142"
"KGENUSDT","26.1","06-26 22:00","291","0.82","1.34","66","7.4","-7.8",,"0.005","0.81","0.76","64","3.8","-12.3",,"0.005"
"4USDT","27.8","07-04 23:00","291","1.01","1.08","67","17.5","-3.8",,"0.0127","0.91","1.11","63","15","-4.2",,"0.0194"
"GIGGLEUSDT","17.6","07-05 00:00","290","1.14","1.51","84","1.5","-8.7",,"0.005","0.46","0.95","89","-3.9","-13.6",,"0.005"
"MONUSDT","19.1","07-05 15:00","289","0.95","0.73","40","-2.4","-13.8","0.3","-0.0062","0.8","1.13","60","0","-13.6",,"-0.0065"
"YBUSDT","27.3","07-18 15:00","288","0.49","1.48","23","-3.4","-24.6","-4.7","0.005","0.78","1.43","88","3.8","-20.8","1.9","0.005"
"METUSDT","22.9","07-19 22:00","288","1.55","0.88","78","-19.7","-31.1","-4.4","0.0041","3.17","1.4","43","-22","-31.9","4.1","0.0036"
"EULUSDT","83.8","07-25 00:00","285","1.3","1.98","92","7.5","-5.9","4.8","0.005","0.76","1.19","19","-2.9","-14.3","-0.4","0.005"
"ENSOUSDT","10.3","06-28 18:00","285","0.4","0.29","59","-2.9","-15.1",,"0.005","0.63","0.45","31","-26.4","-15.9",,"0.0049"
"CLOUSDT","49.8","07-07 04:00","285","0.44","0.32","30","-52.7","-53.3","-8","0.0209","0.19","0.33","28","-39.3","-53.5","-4.6","0.0171"
"RECALLUSDT","10.3","07-15 09:00","284","0.9","0.9","54","10","-16.1","-3.9","0.005","1.86","1.12","26","5","-17.8","-1.6","0.005"
"ZBTUSDT","42.3","06-30 11:00","282","0.51","0.64","6","-14.5","-26.6",,"0.005","0.59","0.5","81","-7.3","-24.2",,"0.005"
"LABUSDT","174.5","07-04 01:00","281","3.77","1.12","8","-50.2","-70.4",,"-0.2781","1.29","0.85","36","-44","-50.6",,"-0.243"
"RIVERUSDT","12.2","07-02 20:00","281","0.3","0.83","54","-18.4","-27.2",,"0.0129","0.27","0.83","7","-26.4","-29.4",,"0.0138"
"BLUAIUSDT","35.3","07-08 01:00","278","1.4","1.74","48","1.5","-13.7","3","0.0174","1.23","0.86","65","7.1","-13.1","1.7","0.0193"
"TURTLEUSDT","14.6","07-19 15:00","276","0.51","0.74","84","-7","-12.9","4.9","0.0041","0.57","0.69","22","-10.9","-14.2","-6.8","0.0041"
"APRUSDT","43.7","07-23 17:00","276","4.53","1.88","3","-24.1","-36.4","0.4","0.0084","0.39","0.53","18","6.3","-12.8","-1.7","0.0115"
"ONUSDT","56.3","07-22 07:00","275","2.05","9.19","4","41.5","-38","8.9","0.0119","2.67","9.39","74","74.9","-9.6","28","0.0156"
"KITEUSDT","24.5","07-12 08:00","270","0.77","0.53","2","-14.7","-43.9","0.6","0.0126","0.67","0.59","70","-14.6","-40","0","0.0162"
"ATUSDT","12.9","06-25 11:00","270","0.46","0.58","20","-1.2","-16.3",,"0.005","0.93","0.41","51","2.6","-13.7",,"0.005"
"CCUSDT","10","06-30 11:00","268","1.74","0.91","18","-16.2","-19.1",,"0.0015","1.53","0.59","7","-12","-14.5",,"0.0004"
"MMTUSDT","32.9","07-09 23:00","264","1.14","3.28","50","-13.2","-26.4","0.3","0.0039","1.21","2.36","67","-13.7","-27.2","8","0.005"
"TRUSTUSDT","9.1","07-20 06:00","263","0.47","0.45","11","-10","-23.7","1.1","0.0068","0.33","0.29","34","-12","-22.2","1.9","0.0085"
"UAIUSDT","33.5","07-08 03:00","262","1.83","2.16","36","3.8","-18.9","8.3","0.005","0.63","0.54","63","-8.7","-23.6","0.4","0.005"
"FOLKSUSDT","22.5","06-24 19:00","262","1.36","3.66","5","-2.2","-35.5",,"0.0265","1.97","3.29","52","20.3","-18",,"0.027"
"STABLEUSDT","15.5","07-22 10:00","262","2.19","0.88","23","1.8","-9.4","-0.5","0.0043","1.6","0.35","98","9.9","-5.6","-0.8","0.0048"
"JCTUSDT","32.8","07-12 12:00","258","0.2","0.32","33","-32.9","-55","0.3","0.0113","0.4","0.46","20","-19.5","-53.7","1.8","0.0147"
"ALLOUSDT","50.2","07-01 23:00","256","1.85","0.39","6","-37.2","-50.6",,"0.005","0.88","0.38","1","-30.4","-46.4",,"0.0046"
"CLANKERUSDT","11.7","06-24 17:00","256","1","0.38","8","13.8","-27.9",,"0.0085","0.84","0.4","39","21.3","-21.3",,"0.0065"
"BEATUSDT","41.1","06-25 04:00","256","0.49","1.35","25","-28.4","-72.5",,"0.0053","0.41","0.58","69","-15.6","-65.6",,"0.0076"
"PIEVERSEUSDT","29.8","06-26 18:00","254","0.99","1.01","82","-1.6","-14",,"0.0063","1.5","1.14","34","-5.5","-17.7",,"0.007"
"SENTUSDT","27.2","07-08 21:00","253","1.59","1.26","25","2.5","-34.5","-2.2","0.0024","1.11","1.5","10","-1.1","-33.8","-4","0.0039"
"IRYSUSDT","10.6","07-20 05:00","241","0.96","0.61","10","-16.4","-36.7","3.6","0.005","0.74","0.63","16","-16.5","-35.1","-0.8","0.005"
"POWERUSDT","56.7","07-07 19:00","232","0.73","1.19","47","-16.5","-23","-3.7","0.007","1.48","1.98","27","-18.8","-25.3","-0.8","0.0099"
"WETUSDT","14.7","06-30 15:00","228","1.58","0.97","38","-0.4","-13.6",,"0.005","1.23","0.68","59","-0.8","-11.4",,"0.005"
"NIGHTUSDT","37.5","07-21 00:00","228","12","8.83","25","-47","-48.5","59","0.0046","1.02","0.64","24","-21.1","-24.6","-1.4","0.0035"
"USUSDT","61.3","07-09 04:00","226","0.79","0.5","21","19","-28.8","-11.1","0.0072","3.3","3.01","25","19.8","-26.2","-1.7","0.0125"
"CYSUSDT","14.3","06-30 05:00","226","1.05","0.81","7","-28.5","-32.2",,"0.0055","1.52","1.36","56","-28.3","-29.4",,"0.005"
"RAVEUSDT","81.1","06-28 06:00","223","4.28","2.99","70","-7.8","-19.5",,"0.005","1.52","1.12","50","-23.8","-32",,"0.005"
"ZKPUSDT","32.3","07-02 04:00","217","0.29","0.77","84","-20.1","-28.7",,"0.005","0.6","0.78","38","-19.5","-29.7",,"0.005"
"GUAUSDT","38.7","07-02 16:00","217","3.56","2.01","1","-95.4","-95.7",,"-1.0652","0.49","0.36","2","-83.6","-87.3",,"-0.0313"
"LITUSDT","22.9","07-05 03:00","214","0.94","0.67","69","36.8","-3.9",,"-0.0018","0.66","1.27","67","42.4","-3.3",,"-0.0016"
"BREVUSDT","54.5","07-01 08:00","208","0.56","0.25","25","-16","-26.4",,"0.005","0.24","0.23","9","-15.4","-23.3",,"0.005"
"COLLECTUSDT","24.3","06-25 13:00","206","1.47","0.64","18","-20","-29.4",,"0.0054","0.68","0.45","9","-10.9","-23.5",,"0.0054"
"MAGMAUSDT","72.4","06-25 16:00","206","0.27","0.3","62","37.8","-21.9",,"0.0056","0.29","0.34","79","45.3","-20.5",,"0.005"
"ZAMAUSDT","36.1","07-22 17:00","198","1.87","3.26","49","24.1","-8.7","8.8","-0.0053","1.77","4.28","77","18.6","-3.6","10.8","-0.0014"
"FOGOUSDT","29.8","06-24 21:00","196","3.87","1.5","25","22.4","-16.7",,"0.005","1.79","1.02","19","31.1","-9.4",,"0.005"
"FRAXUSDT","10.1","07-17 03:00","192","1.8","1.13","45","4.7","-15.5","12.3","-0.0023","1.46","1.01","86","11.7","-12.6","23.2","0.0033"
"SPORTFUNUSDT","18.8","07-01 03:00","190","0.71","0.52","29","-28.9","-51.1",,"0.0094","0.94","1.05","25","-31.1","-49.8",,"0.0134"
"AIAUSDT","21.6","07-21 16:00","187","1.19","0.83","49","5.9","-8.8","0","0.0158","1.62","0.77","89","9","-6.2","1","0.0053"
"ACUUSDT","22.6","06-24 17:00","185","0.99","0.68","4","0.2","-17.5",,"0.005","1.28","0.58","1","1.4","-14",,"0.005"
"ELSAUSDT","14.2","07-10 09:00","185","0.7","1.37","72","21.7","-11.7","2.4","0.005","1.41","1.48","90","18.4","-10.3","11","0.005"
"SKRUSDT","13.4","06-25 13:00","185","2.12","1.32","52","-6.2","-30.2",,"-0.0013","1.3","0.96","37","-4.6","-30.8",,"-0.001"
"SPACEUSDT","8.3","07-24 13:00","184","1.14","1.08","53","1.6","-28.7","7","0.005","1.87","0.99","85","1.4","-26.8","2.5","0.005"
"FIGHTUSDT","15.2","07-09 06:00","184","1.84","1.1","19","-16.1","-33.9","1.5","0.0117","2.35","1.02","10","-17.1","-31.5","2.3","0.0158"
"BIRBUSDT","74.9","07-01 04:00","178","1.33","0.89","15","-26","-33.5",,"0.005","2.94","3.29","7","-22.5","-29.1",,"0.0027"
"GWEIUSDT","69.1","06-28 11:00","178","1.24","0.59","68","-18.9","-22.7",,"0.0146","0.95","0.64","78","375.1","-27.4",,"0.0124"
"MEGAUSDT","13","06-29 07:00","177","0.77","0.54","50","-27.1","-33.4",,"0.003","0.9","0.49","56","11.2","-32.1",,"0.0018"
"INXUSDT","13.4","06-28 20:00","176","1.34","0.31","4","-1.9","-20.2",,"0.0076","0.87","0.54","2","11.2","-16.6",,"0.0053"
"TRIAUSDT","38.9","07-05 21:00","170","0.93","1.05","73","2.3","-28.8","1.1","0.0098","1.54","0.95","65","-9.3","-33.8",,"0.0092"
"ESPUSDT","20.2","06-29 15:00","166","1.67","0.72","53","-11.4","-14",,"-0.0018","1.62","1.25","62","-3.1","-13.7",,"-0.0058"
"AZTECUSDT","10.9","07-20 05:00","165","1.02","1.57","32","-4.8","-26.7","10","0.005","0.78","0.29","40","-8.4","-28.4","-2","0.005"
"OPNUSDT","16.9","07-09 23:00","154","1.62","0.75","74","3","-30.1","1.1","0.0048","2.33","0.75","21","-10.2","-33.2","-1.2","0.0048"
"ROBOUSDT","14.8","07-18 20:00","149","2.19","1.38","5","-30.1","-50","2.6","0.005","1.42","1.58","25","-22.3","-44.8","0","0.005"
"KATUSDT","30.4","07-09 09:00","146","1.08","0.99","42","-7.5","-26.8","-1.1","0.004","1.52","0.88","2","-15.7","-28.5","-2.3","0.0043"
"MANTRAUSDT","27.1","07-15 14:00","144","0.83","1.53","62","-4.3","-26.1","-3.7","-0.005","0.97","1.28","64","-2.9","-25.7","-5.9","-0.0026"
"CFGUSDT","13.6","07-20 12:00","131","0.89","0.63","41","-13.5","-33.4","-3","0.0031","1.58","1.03","57","-14.4","-30.8","-3.4","0"
"EDGEUSDT","66.9","07-07 13:00","128","4.4","5.99","96","-9.8","-21.6","39","0.0043","0.78","1.07","73","-32.5","-39.8","5.1","0.0042"
"BSBUSDT","48.5","07-13 17:00","123","1.25","0.81","5","-52.6","-82.6","-2.5","0.01","0.63","0.61","25","-40.6","-79.5","-1.2","0.0145"
"XAUTUSDT","3.1","07-02 01:00","121","0.71","1.36","63","-5.9","-7.2",,"0.0026","0.94","0.99","39","-7.7","-8.5",,"0.0024"
"BASEDUSDT","35.4","06-30 06:00","118","0.89","0.9","82","0.9","-25",,"0.005","1.75","0.94","85","10.5","-25.9",,"0.005"
"PRLUSDT","14.7","06-30 12:00","116","0.92","0.97","19","-9","-26",,"0.0052","2.74","0.85","40","-19.2","-21.6",,"0.0148"
"GENIUSUSDT","13.9","07-21 00:00","101","0.66","0.62","63","-14.4","-36","0","0.005","0.4","0.53","11","-17.1","-37.4","-0.2","0.005"
"CHIPUSDT","22.6","07-06 09:00","101","0.73","0.93","19","-13.5","-30.1","1.2","-0.0034","0.72","0.95","17","-18","-30.7",,"-0.0002"
"OPGUSDT","29.3","07-06 04:00","94","0.5","0.46","48","-20.6","-62.6","-4.6","0.005","0.8","0.46","42","-21.7","-63.1",,"0.005"
"AIGENSYNUSDT","73.4","06-29 05:00","87","0.86","0.59","97","-18.8","-20.5",,"0.005","0.7","0.53","45","-13.9","-23.9",,"0.005"
"BILLUSDT","37.3","07-13 07:00","80","1.94","6.55","77","16.8","-35.9","35.7","0.0059","1.58","1.03","86","3.5","-45.1","14.1","0.005"
"PHAROSUSDT","23.6","07-22 01:00","73","0.69","0.43","54","-16.6","-46.8","-9","-0.0039","1.66","3.58","8","-25.5","-48.6","12.8","-0.0057"
"STARUSDT","36.3","07-02 02:00","73","1.04","1.73","0","-31.3","-38.4",,"-0.0009","1.02","1.59","34","-24.3","-31.9",,"0.0054"
"CTRUSDT","19.5","06-24 15:00","59","1.36","0.97","17","31.9","-16.2",,"0.0056","0.99","1.04","28","34.7","-13.3",,"0.0072"
"SLXUSDT","50.5","06-24 18:00","55","3.79","5.44","50","125.7","-19.8",,"0.0336","0.62","0.69","43","92.4","-14.8",,"0.0381"
"ZESTUSDT","25.6","07-20 01:00","51","1.38","0.92","22","-8.5","-34.5","2.1","0.005","1.01","0.8","55","-2.4","-32.5","-2.9","0.0058"
"BTWUSDT","39.2","07-04 10:00","51","0.53","0.28","28","-57","-71",,"0.0148","0.46","0.42","38","-8.3","-69.5",,"0.0188"
"REUSDT","45.4","07-23 07:00","37","2.53","4.46","72","-23.1","-58","8.1","-0.0621","1.97","1.2","91","-29.5","-59.6","2.6","-0.0692"
"ARXUSDT","17.9","07-05 00:00","33","0.38","1.34","12","20.5","-54.2",,"-0.084","0.37","1","40","26.8","-52.3",,"-0.1167"
"OUSDT","16.5","07-04 11:00","32","0.37","1.38","24","-15.4","-39.1",,"0.0126","0.29","1.6","56","-10.8","-35.4",,"0.0191"
"CAPUSDT","23.4","07-23 14:00","29","0.93","0.77","79","5.9","-37.6","2.9","0.005","0.5","0.5","58","2.5","-43.3","-13.1","0.0051"
"GRAMUSDT","9.8","07-21 02:00","24","0.88","0.8","44","-16.8","-22.5","7.7","-0.0155","0.92","0.6","32","-18.3","-22","13","-0.0168"
"DATAIPUSDT","8.7","07-14 01:00","23","0.79","0.65","81","4.1","-19.4","-0.6","-0.1333","0.43","0.45","8","0.6","-21.3","3.3","-0.1117"
