"symbol","grp","pump24h","pumpDate","ageDays","rangePct","baseRange","compress","volRatio","posInRange","r14d","r30d","ddFromHigh","upBars","oiChg48h","fundAvgPct"
"BANKUSDT","PUMP","166.6","07-18 13:00","463","87.9","16.4","5.37","13.26","61","93.2","93.2","-18.2","27","-13.5","0.0058"
"AKEUSDT","PUMP","342.8","07-14 14:00","303","9.7","71.4","0.14","0.43","48","-50.4","-31.6","-63.3","22","-14.3","0.0193"
"USUSDT","PUMP","61.3","07-09 04:00","226","21.9","27.6","0.79","0.5","21","19",,"-28.8","18","-11.1","0.0072"
"ESPORTSUSDT","PUMP","217.4","06-17 00:00","362","36.7",,,,"68",,,"-10.7","21",,"0.0212"
"KAITOUSDT","PUMP","30.1","07-07 11:00","520","15.5","7.5","2.07","1.52","34","38.9",,"-8.8","24","4.2","0.005"
"TLMUSDT","PUMP","106","06-30 22:00","1215","9.2","20.8","0.44","0.5","20","-16.8",,"-29.8","22",,"0.005"
"EULUSDT","PUMP","79.8","07-25 00:00","285","12","9.3","1.3","1.98","92","7.5","11.6","-5.9","23","4.8","0.005"
"BULLAUSDT","PUMP","37.2","07-18 03:00","387","32.9","7.8","4.23","5.23","65","19.9","80.2","-8.6","30","6.3","0.0449"
"ZAMAUSDT","PUMP","36.1","07-22 17:00","198","20.4","10.9","1.87","3.26","49","24.1","25","-8.7","26","8.8","-0.0053"
"ONUSDT","PUMP","56.3","07-22 07:00","275","65.6","32","2.05","9.19","4","41.5","37.6","-38","22","8.9","0.0119"
"PROMUSDT","PUMP","77.1","07-19 14:00","557","11.3","7.2","1.57","0.75","89","23.5","25.9","-1.1","28","6.4","0.0019"
"AVAAIUSDT","PUMP","40.7","07-19 03:00","554","62.3","9","6.89","23.7","58","51.2","51.7","-16","29","73.7","0.0404"
"MUSDT","PUMP","88.7","06-25 00:00","384","11.5","12.7","0.9","0.9","6",,,"-18.4","21",,"0.0118"
"UBUSDT","PUMP","63.3","06-21 06:00","317","71.1",,,,"29",,,"-33.1","22",,"0.005"
"EPICUSDT","PUMP","52.2","07-06 06:00","500","126.3","11.6","10.87","13.75","18","-10.4",,"-47","19","42.4","-0.0122"
"CHILLGUYUSDT","PUMP","28.2","07-24 18:00","605","7.8","11.6","0.68","0.68","10","-1.9","27.2","-17","22","-0.1","0.005"
"BTCUSDT","CTRL","5.1","07-01 12:00","2512","5.2","6","0.86","1.08","28","-9.9",,"-12.9","20",,"0.0056"
"ETHUSDT","CTRL","7.1","07-01 13:00","2433","5.7","8.9","0.64","0.9","23","-10.8",,"-15.1","24",,"0.0043"
"BCHUSDT","CTRL","8.6","06-30 14:00","2411","7.8","10.5","0.74","1.18","63","-8.5",,"-14.6","27",,"-0.007"
"XRPUSDT","CTRL","5.5","07-03 14:00","2393","6.8","8","0.84","0.97","94","-2.2",,"-14.1","28",,"0.0027"
"LTCUSDT","CTRL","5.6","07-17 17:00","2390","4.2","3.5","1.19","1.33","43","1.8","-2","-3.2","21","-7.1","0.0044"
"TRXUSDT","CTRL","2.3","07-03 00:00","2384","1.8","3","0.6","0.83","62","-1",,"-5","20",,"-0.0347"
"ETCUSDT","CTRL","8.8","06-18 18:00","2383","8.9",,,,"18",,,"-8.4","21",,"0.0036"
"LINKUSDT","CTRL","7.8","07-01 13:00","2382","6.1","9.1","0.67","0.94","30","-11.9",,"-16.5","22",,"0.0056"
"XLMUSDT","CTRL","15.2","06-30 02:00","2379","6.1","9.7","0.63","0.61","82","-15.7",,"-29.6","24",,"-0.012"
"ADAUSDT","CTRL","13.7","07-03 17:00","2368","14.6","9.1","1.6","1.35","97","7.7",,"-8.3","29",,"0.01"
"XMRUSDT","CTRL","7","07-21 00:00","2365","2.8","4.7","0.59","0.77","72","4.5","5.9","-11.3","24","0.9","0.0259"
"DASHUSDT","CTRL","7.6","06-19 09:00","2364","10.4",,,,"8",,,"-13.5","26",,"0.0022"
"ZECUSDT","CTRL","14.1","07-01 11:00","2363","9.5","14.7","0.65","0.82","48","-19.1",,"-27.4","21",,"0.0076"
"XTZUSDT","CTRL","14.8","07-02 22:00","2362","10","11.8","0.85","0.96","83","-7.1",,"-14.5","25",,"0.005"
"BNBUSDT","CTRL","4.1","06-25 13:00","2358","6.6","4.7","1.41","1.05","46",,,"-11.1","25",,"0"
"ATOMUSDT","CTRL","4.5","06-25 13:00","2361","9.9","12.8","0.77","1.13","10",,,"-20.1","17",,"-0.0102"
"ONTUSDT","CTRL","6.5","07-01 10:00","2357","12.4","8.6","1.43","2.13","9","-14.7",,"-23.5","22",,"-0.0209"
"IOTAUSDT","CTRL","14.2","07-09 11:00","2356","6","19.8","0.3","0.62","59","-6.6",,"-28.5","22","-3.8","0.0028"
"BATUSDT","CTRL","8.2","06-25 13:00","2355","10.8","5","2.17","0.98","41",,,"-10.6","21",,"-0.0012"
"VETUSDT","CTRL","6.3","07-10 18:00","2354","3","7.9","0.38","0.64","52","6",,"-14.6","21","-0.9","0.0093"
"NEOUSDT","CTRL","6.7","07-18 04:00","2351","4.2","3.2","1.29","0.94","34","-2.6","-12.6","-17.3","18","-3.4","0.0091"
"QTUMUSDT","CTRL","6.4","06-25 13:00","2348","6.9","5.5","1.27","0.89","47",,,"-13.1","17",,"0.0045"
"IOSTUSDT","CTRL","7","06-26 02:00","2347","10","10.9","0.92","1.37","29",,,"-18.3","18",,"0.006"
"THETAUSDT","CTRL","14.2","07-10 20:00","2251","4.1","11","0.37","0.47","45","4.2",,"-18.8","22","0.2","0.0086"
"ALGOUSDT","CTRL","6.7","06-22 22:00","2231","6.6",,,,"17",,,"-13.5","19",,"-0.0068"
"ZILUSDT","CTRL","9.3","07-03 18:00","2229","5.5","8.4","0.65","0.75","84","-2.6",,"-10.4","23",,"0.005"
"KNCUSDT","CTRL","10.2","07-19 06:00","2225","2.5","3.5","0.72","0.71","56","-2.2","-6.3","-13.8","20","0.9","-0.0115"
"ZRXUSDT","CTRL","10.7","06-26 02:00","2223","12.3","8.6","1.44","1.05","28",,,"-18","18",,"0.0044"
"COMPUSDT","CTRL","7.2","06-26 10:00","2217","14.7","7.9","1.87","2.24","24",,,"-19.4","20",,"0.0061"
"DOGEUSDT","CTRL","5.9","07-24 17:00","2207","8","5.4","1.47","1.69","13","-6.9","-5.9","-24.4","18","5.7","-0.0052"
"KAVAUSDT","CTRL","7.4","06-20 00:00","2189","6.7",,,,"85",,,"-2.3","25",,"0.005"
"BANDUSDT","CTRL","11.8","06-30 15:00","2188","8.1","10.3","0.78","0.98","25","-17.7",,"-21.6","17",,"0.01"
"RLCUSDT","CTRL","9.9","07-09 17:00","2186","5.3","9.3","0.57","0.96","38","1.7",,"-19.7","22","-0.8","-0.0072"
"SNXUSDT","CTRL","20.8","06-26 23:00","2172","15.4","7.3","2.1","1.59","32",,,"-24.4","18",,"-0.0119"
"DOTUSDT","CTRL","7.3","07-20 09:00","2164","5.4","7.6","0.7","0.94","9","-7.1","-17.1","-23.2","12","11.9","-0.0103"
"YFIUSDT","CTRL","45.9","07-05 16:00","2155","5.1","3.7","1.38","0.79","27","-0.6",,"-14.8","18","-1","0.0039"
"CRVUSDT","CTRL","12","06-30 22:00","2154","6.5","7.8","0.83","0.67","23","-23.3",,"-26.1","19",,"0.0038"
"TRBUSDT","CTRL","18.2","07-03 05:00","2152","6.5","12","0.54","0.63","83","0.9",,"-7.7","27",,"0.005"
"RUNEUSDT","CTRL","6.2","06-20 18:00","2151","10.2",,,,"36",,,"-8.8","24",,"0.002"
"SUSHIUSDT","CTRL","11.1","07-18 15:00","2151","6.8","7","0.97","1.28","32","-3.2","-7.6","-21.7","20","-6.7","0.0039"
"EGLDUSDT","CTRL","15.4","07-13 14:00","2141","11.4","6.9","1.65","1.27","82","19.6",,"-3.7","30","15.9","-0.001"
"SOLUSDT","CTRL","10.3","06-25 19:00","2141","10.1","9.5","1.06","1.27","33",,,"-13","23",,"-0.0063"
"ICXUSDT","CTRL","6.1","06-26 02:00","2140","11.7","12.3","0.95","0.93","33",,,"-18.3","23",,"0.005"
"STORJUSDT","CTRL","10.6","06-26 03:00","2139","9.8","9.8","1","1.09","9",,,"-14.7","20",,"0.0036"
"UNIUSDT","CTRL","23.7","06-16 09:00","2137","22.8",,,,"95",,,"-0.9","28",,"0.0042"
"AVAXUSDT","CTRL","11","06-26 02:00","2132","11.6","13.1","0.89","0.98","26",,,"-13.4","22",,"-0.0005"
"ENJUSDT","CTRL","16.4","06-17 07:00","2126","12.3",,,,"51",,,"-5.4","25",,"-0.0188"
"KSMUSDT","CTRL","13.4","07-05 16:00","2111","5.6","5.6","1.01","0.66","19","-8.1",,"-17.2","23","1.1","0.0076"
"NEARUSDT","CTRL","8.7","07-01 11:00","2110","11.3","12.6","0.9","0.91","31","-22",,"-30.5","19",,"0.01"
"AAVEUSDT","CTRL","18.6","06-25 16:00","2109","19.7","10.3","1.91","3.59","79",,,"-3.5","29",,"0.0049"
"FILUSDT","CTRL","7.7","07-01 11:00","2109","6.7","11.3","0.6","0.85","57","-9.4",,"-12.6","23",,"0.0071"
"RSRUSDT","CTRL","11.7","07-08 11:00","2106","12","11.8","1.01","1.33","12","-8.5",,"-20.6","25","4.5","0.0067"
"BELUSDT","CTRL","65.1","06-19 10:00","2076","43.9",,,,"73",,,"-8.2","26",,"-0.0075"
"AXSUSDT","CTRL","27.4","06-20 00:00","2074","8.7",,,,"41",,,"-8.7","24",,"0.0019"
"ZENUSDT","CTRL","8.9","06-19 16:00","2070","11.2",,,,"36",,,"-13.5","26",,"0.0063"
"SKLUSDT","CTRL","66","07-09 12:00","2162","7.4","7.5","0.99","0.74","40","-2.7",,"-25.5","21","-0.6","0.0028"
"GRTUSDT","CTRL","6.6","07-02 23:00","2046","7","11.9","0.59","0.93","71","-7.5",,"-15.8","23",,"0.0026"
"1INCHUSDT","CTRL","13.2","07-20 20:00","2039","3.9","8.1","0.48","0.85","76","1.5","1.4","-6.5","23","-2","0.0016"
"CHZUSDT","CTRL","11","06-29 08:00","2012","6.3","7.1","0.89","0.53","27","-31.3",,"-34.3","20",,"-0.0225"
"SANDUSDT","CTRL","22.8","06-19 18:00","2015","8.1",,,,"24",,,"-9.2","25",,"0.002"
"ANKRUSDT","CTRL","10.4","07-10 12:00","2008","6.1","8.3","0.73","0.69","82","7.2",,"-12.7","23","3.8","0.0036"
"RVNUSDT","CTRL","16.1","07-09 02:00","1979","6.1","7.3","0.84","1.08","33","-3.9",,"-19.3","21","-0.5","0.005"
"SFPUSDT","CTRL","13.4","06-30 05:00","1978","4.6","4.7","0.98","1.61","59","-16.6",,"-19.3","22",,"0.01"
"COTIUSDT","CTRL","7.2","06-26 02:00","1965","10.2","12.7","0.8","1.18","28",,,"-21.7","21",,"0.0039"
"CHRUSDT","CTRL","14.4","06-25 13:00","1962","14.5","9.1","1.6","1.28","76",,,"-15.8","27",,"0.0053"
"MANAUSDT","CTRL","21.6","06-19 18:00","1960","8.1",,,,"36",,,"-5.8","22",,"0.001"
"ALICEUSDT","CTRL","74.3","06-20 02:00","1959","25.7",,,,"63",,,"-7.5","25",,"-0.0208"
"HBARUSDT","CTRL","8","07-21 16:00","1957","5.4","4.9","1.11","1.06","91","-5.2","-14.1","-19.1","26","-2","-0.0021"
"ONEUSDT","CTRL","42.1","07-20 18:00","1957","5.7","9.9","0.58","0.63","48","-11","-21.7","-29.5","20","6.2","0.0082"
"CELRUSDT","CTRL","8.5","06-30 22:00","1945","6.2","12.3","0.5","0.69","26","-17.7",,"-20.7","25",,"0.0023"
"HOTUSDT","CTRL","27.3","06-26 20:00","1944","8.9","7","1.27","1.26","35",,,"-10.4","19",,"-0.0014"
"MTLUSDT","CTRL","6.3","06-26 10:00","1943","7.7","8.4","0.92","1.17","44",,,"-14.8","23",,"-0.002"
"OGNUSDT","CTRL","39.2","07-03 12:00","1943","17.5","11.5","1.52","1.7","47","-7.3",,"-16.8","28",,"0.005"
"1000SHIBUSDT","CTRL","22.1","07-24 19:00","1903","4.3","5","0.87","1.24","48","-4.3","-2.2","-19.6","23","1.4","-0.0068"
"GTCUSDT","CTRL","15.1","07-02 21:00","1959","26.3","13.8","1.9","2.97","51","-3.2",,"-14.8","28",,"0.0338"
"BTCDOMUSDT","CTRL","1.9","06-22 08:00","1865","1.1",,,,"31",,,"-2.5","23",,"0.0124"
"IOTXUSDT","CTRL","7.4","06-20 03:00","1810","7.5",,,,"14",,,"-15.7","24",,"-0.0052"
"C98USDT","CTRL","11","07-10 14:00","1798","8.5","8.7","0.98","1.01","68","1.4",,"-13.4","24","-7","0.0007"
"MASKUSDT","CTRL","11","06-19 10:00","1836","13.9",,,,"14",,,"-11.5","19",,"0.0036"
"DYDXUSDT","CTRL","51.8","06-30 04:00","1781","11.3","17.9","0.63","0.69","44","30.5",,"-5.6","19",,"0.0034"
"1000XECUSDT","CTRL","38.8","07-12 07:00","1774","3.4","9.9","0.34","0.74","22","0.2",,"-14.1","25","-7","0.01"
"GALAUSDT","CTRL","11.6","07-02 15:00","1773","9.5","13.7","0.69","1.06","71","-7.9",,"-17","28",,"0.0097"
"CELOUSDT","CTRL","21.3","06-30 19:00","1764","44.5","8.7","5.1","4.41","3","-9.3",,"-29.9","19",,"-0.1435"
"ARUSDT","CTRL","10.6","06-28 18:00","1762","5.3","4.8","1.12","0.45","18","-8.1",,"-15","20",,"0.0032"
"ARPAUSDT","CTRL","59","07-02 11:00","1742","6.2","9.1","0.69","0.82","91","-3.4",,"-17.7","23",,"0.01"
"CTSIUSDT","CTRL","10.2","06-30 20:00","1735","7.2","10","0.72","1.45","32","-11.7",,"-12.9","26",,"0.0087"
"LPTUSDT","CTRL","6.5","06-26 02:00","1719","11.9","7.5","1.59","1.08","25",,,"-19.2","21",,"-0.0006"
"ENSUSDT","CTRL","8.7","07-16 14:00","1700","6.6","7.8","0.85","1.46","30","0.2","-19.5","-26.7","24","4.8","0.0015"
"PEOPLEUSDT","CTRL","11.3","07-08 08:00","1676","9.9","8.9","1.11","0.88","17","-3.2",,"-13.1","23","0.7","0.01"
"ROSEUSDT","CTRL","7","07-03 04:00","1668","6.6","14.6","0.45","0.75","68","-10.4",,"-23.8","22",,"0.01"
"DUSKUSDT","CTRL","8.7","07-20 12:00","1662","6.2","12.3","0.51","0.7","42","-14.3","-24.2","-35.8","20","3.3","0.0043"
"FLOWUSDT","CTRL","7.9","06-16 14:00","1628","12.4",,,,"50",,,"-5.5","21",,"0.0047"
"IMXUSDT","CTRL","8.9","07-05 09:00","1627","15.9","5.7","2.77","1.45","51","-7",,"-13.2","27",,"0.005"
"API3USDT","CTRL","6.7","07-05 17:00","1616","6.5","5.5","1.18","1.02","13","-13",,"-23.4","22","1.4","0.0034"
"GMTUSDT","CTRL","10.1","06-19 10:00","1595","10.3",,,,"8",,,"-10.9","18",,"0.0037"
"APEUSDT","CTRL","19.5","06-25 13:00","1592","11","9.7","1.13","1.1","80",,,"-5.2","22",,"0.0014"
"WOOUSDT","CTRL","14.3","07-13 21:00","1571","6.4","7.1","0.89","0.87","8","2.2",,"-23.3","19","-1.1","-0.0052"
"JASMYUSDT","CTRL","9.3","06-25 13:00","1559","10.3","7.2","1.43","0.88","42",,,"-17.6","21",,"-0.0118"
"OPUSDT","CTRL","9.8","07-02 20:00","1516","8.8","15.8","0.56","0.8","71","-9.1",,"-12.1","24",,"-0.0041"
"INJUSDT","CTRL","16","06-25 16:00","1440","15","13.9","1.08","1.09","33",,,"-30.9","19",,"-0.0046"
"STGUSDT","CTRL","17.6","07-06 01:00","1432","6.2","16","0.39","0.52","45","-26.3",,"-44.7","22","-2.5","-0.0323"
"SPELLUSDT","CTRL","24.9","07-06 22:00","1420","10.9","6.1","1.79","1.42","35","-22.6",,"-41.2","19","-7.3","-0.0268"
"1000LUNCUSDT","CTRL","9.6","06-25 01:00","1417","18.2","14","1.3","1.17","26",,,"-23.7","22",,"-0.0049"
"LUNA2USDT","CTRL","7.6","06-25 17:00","1416","9.3","11.4","0.81","1.21","44",,,"-15.4","22",,"0.0044"
"LDOUSDT","CTRL","16.8","07-07 05:00","1404","10.6","7.4","1.43","1.15","67","4.7",,"-7","23","2","0.0074"
"ICPUSDT","CTRL","8.1","07-08 18:00","1822","6.5","9.2","0.7","1.21","30","3.9",,"-16.2","23","-6.9","0.0002"
"APTUSDT","CTRL","6","07-01 12:00","1377","7.7","11.6","0.66","0.92","76","-12",,"-18.1","26",,"0.0019"
"QNTUSDT","CTRL","5.7","07-09 02:00","1377","5","6.9","0.73","1.05","48","-4",,"-11.2","27","-11.9","-0.0032"
"FETUSDT","CTRL","12.7","06-26 02:00","1288","12","12.5","0.96","1.14","35",,,"-25.4","20",,"0.0007"
"MAGICUSDT","CTRL","23.6","06-27 19:00","1280","7.7","15","0.52","0.59","48",,,"-18.4","20",,"0.0033"
"TUSDT","CTRL","67.2","07-11 10:00","1272","3.1","6.1","0.51","0.55","75","-0.8",,"-13","24","3.1","0.0029"
"MINAUSDT","CTRL","11.9","07-05 07:00","1269","11.2","5.9","1.9","1.46","51","9.8",,"-4.9","23",,"0.0093"
"ASTRUSDT","CTRL","5.8","07-01 09:00","1259","9.6","9.4","1.02","0.94","24","-16.2",,"-22.9","19",,"0.0039"
"GMXUSDT","CTRL","11.8","06-19 09:00","1256","9",,,,"20",,,"-8.1","23",,"-0.0053"
"CFXUSDT","CTRL","12.6","06-16 14:00","1253","9.2",,,,"69",,,"-2.6","29",,"0.0065"
"STXUSDT","CTRL","7.4","06-26 02:00","1252","12.4","11.7","1.06","1.36","23",,,"-18.7","20",,"-0.0092"
"ACHUSDT","CTRL","9.1","07-01 06:00","1251","8.9","12.1","0.73","0.91","8","-23.7",,"-27.1","17",,"0.0085"
"SSVUSDT","CTRL","6.8","07-01 12:00","1249","8","12.7","0.63","1.05","44","-15.9",,"-19.5","24",,"0.0076"
"CKBUSDT","CTRL","8.6","07-01 07:00","1245","12.3","9.6","1.28","1.02","15","-24.8",,"-30.4","17",,"0.0076"
"LQTYUSDT","CTRL","11.7","07-24 20:00","1236","5.6","6.4","0.89","0.7","20","-6.9","-8.5","-28.6","20","2.8","0.007"
"USDCUSDT","CTRL","0.1","07-12 22:00","1232","0","0","3.11","0.46","0","-0.1",,"-0.2","17","-3.2","0.0024"
"IDUSDT","CTRL","39.5","06-21 05:00","1221","14",,,,"11",,,"-22.2","16",,"-0.0515"
"ARBUSDT","CTRL","19.2","07-09 02:00","1221","6.4","7.9","0.81","1.22","55","2.3",,"-13.6","28","3.8","-0.0019"
"JOEUSDT","CTRL","10.4","06-19 22:00","1216","9.1",,,,"12",,,"-12.2","22",,"0.0053"
"HFTUSDT","CTRL","26.4","06-30 23:00","1208","12.2","11.1","1.1","0.82","1","-25.2",,"-32.8","18",,"0.01"
"XVSUSDT","CTRL","7.5","06-18 15:00","1201","4.8",,,,"41",,,"-2.7","23",,"-0.0145"
"BLURUSDT","CTRL","66.1","07-06 11:00","1186","7.2","8.4","0.86","0.48","18","-5.3",,"-22.8","20","2.9","0.005"
"EDUUSDT","CTRL","13.5","06-23 08:00","1185","16.8",,,,"7",,,"-13.4","18",,"0.01"
"SUIUSDT","CTRL","6.7","06-26 02:00","1180","9.2","15.8","0.58","1.06","41",,,"-18.5","22",,"-0.0004"
"1000PEPEUSDT","CTRL","15.8","07-03 04:00","1178","12","18.4","0.65","1.03","89","-11.4",,"-21.3","25",,"-0.0081"
"1000FLOKIUSDT","CTRL","9.5","07-03 04:00","1177","6.1","13.7","0.45","0.88","80","-15.1",,"-19.7","25",,"-0.0001"
"UMAUSDT","CTRL","7.9","07-10 16:00","1174","4.2","4.4","0.95","0.96","74","-3.3",,"-19.5","24","5.1","0.0025"
"NMRUSDT","CTRL","10.8","07-01 06:00","1130","11.8","8.9","1.32","1.25","78","4.9",,"-6.6","22",,"0.005"
"MAVUSDT","CTRL","14.1","07-07 22:00","1123","5.8","5.3","1.09","0.78","4","-4.8",,"-17","18","-1.9","0.01"
"XVGUSDT","CTRL","12.4","07-19 07:00","1117","4.7","5.3","0.87","0.92","15","-9.6","-19.1","-32.1","26","9","0.0228"
"WLDUSDT","CTRL","17.4","07-02 01:00","1098","22.3","25.8","0.87","0.84","13","-43.9",,"-49.5","21",,"0.007"
"PENDLEUSDT","CTRL","13.6","07-01 12:00","1094","9.1","17.1","0.53","1.31","67","-9.6",,"-12.3","24",,"-0.001"
"ARKMUSDT","CTRL","9.4","07-02 07:00","1094","7.5","10.4","0.72","0.91","76","-13.8",,"-22.5","23",,"0.0056"
"AGLDUSDT","CTRL","103.8","06-26 00:00","1093","75.7","13.5","5.59","10.79","55",,,"-31.9","25",,"-0.0486"
"YGGUSDT","CTRL","14.7","07-20 06:00","1086","18.3","6.7","2.74","4.76","17","-17.9","-28.8","-36.9","20","0.4","0.0027"
"DODOXUSDT","CTRL","47.9","07-14 10:00","1083","54.7","8.7","6.28","137.52","41","-3.2","29.2","-20.9","21","148.3","-0.4204"
"BNTUSDT","CTRL","7.7","06-24 17:00","1081","8.5","5.2","1.63","0.92","11",,,"-13.3","19",,"-0.056"
"SEIUSDT","CTRL","12.1","06-24 17:00","1074","7.3","9","0.8","0.9","10",,,"-9.1","17",,"0.0001"
"CYBERUSDT","CTRL","12.7","06-25 13:00","1070","10.8","6.8","1.58","0.77","46",,,"-13.3","28",,"0.0008"
"ARKUSDT","CTRL","32.8","06-26 03:00","1040","10.2","10.7","0.95","0.9","10",,,"-21.4","22",,"0.0034"
"BICOUSDT","CTRL","103.8","06-19 00:00","1032","11.1",,,,"54",,,"-4.6","21",,"0.0058"
"BIGTIMEUSDT","CTRL","7.9","06-25 13:00","1017","9.9","7.7","1.29","1.07","42",,,"-19","22",,"0.005"
"WAXPUSDT","CTRL","12","06-25 13:00","1011","15","7","2.16","1.38","20",,,"-18.8","21",,"0.0048"
"BSVUSDT","CTRL","17.2","06-30 12:00","1010","7.4","8.8","0.84","0.88","2","-4.8",,"-9","22",,"-0.0363"
"RIFUSDT","CTRL","98.5","07-22 16:00","1009","184","20.2","9.1","7.95","18","-54.9","-29.7","-60","12","200.2","-0.1446"
"POLYXUSDT","CTRL","11.4","07-20 06:00","1005","4.8","6.8","0.71","1.09","2","-4.4","-8.9","-18.3","22","0.6","-0.0055"
"GASUSDT","CTRL","11.4","06-28 03:00","1005","12.6","5.8","2.18","1.65","69",,,"-13","20",,"0.0046"
"POWRUSDT","CTRL","28.2","06-28 00:00","1003","14.5","6.8","2.15","1.98","44",,,"-19","22",,"-0.0027"
"TIAUSDT","CTRL","10.2","07-02 23:00","998","10.5","15.5","0.68","0.82","55","-6.8",,"-14.6","23",,"0.002"
"CAKEUSDT","CTRL","6.5","07-05 00:00","996","4.7","5.1","0.92","0.78","50","0.9",,"-3.7","27",,"0.005"
"MEMEUSDT","CTRL","15.5","06-25 13:00","996","13.3","16.6","0.8","1","9",,,"-26.8","18",,"-0.0013"
"TWTUSDT","CTRL","6.4","07-08 19:00","995","8.5","6","1.43","0.72","13","-3.2",,"-23.9","20","3","0.0028"
"ORDIUSDT","CTRL","36.1","06-28 18:00","992","7","12.3","0.57","0.45","48","-5",,"-13.5","23",,"0.0034"
"STEEMUSDT","CTRL","7.4","06-26 02:00","990","10.4","9.6","1.08","1.3","27",,,"-18.1","21",,"0.005"
"ILVUSDT","CTRL","9","07-01 16:00","988","11.1","10.8","1.03","1.42","68","-15.5",,"-20.4","25",,"0.004"
"KASUSDT","CTRL","11.4","06-29 05:00","982","8","4.9","1.63","1.13","35","-14",,"-19.9","26",,"0.0037"
"BEAMXUSDT","CTRL","13.7","07-23 19:00","981","4.7","12.6","0.38","0.45","3","-5.8","8.7","-15.7","17","-0.7","0.005"
"1000BONKUSDT","CTRL","16.7","07-03 03:00","976","8.7","13.9","0.62","1.05","88","-2.2",,"-14.1","24",,"0.0039"
"PYTHUSDT","CTRL","18.6","07-05 17:00","976","10.4","7.6","1.36","0.5","43","6.7",,"-8.8","21","-5.5","0.0048"
"SUPERUSDT","CTRL","9.3","06-20 04:00","972","6.3",,,,"35",,,"-9.6","24",,"0.005"
"USTCUSDT","CTRL","8.2","06-25 13:00","972","9.8","9.6","1.02","1.01","43",,,"-17.5","22",,"0.0004"
"ONGUSDT","CTRL","19.4","06-29 02:00","971","7.6","5.1","1.5","0.62","88","-8.1",,"-9.9","25",,"0.0045"
"ETHWUSDT","CTRL","18.6","07-01 16:00","971","8.4","9.7","0.87","0.99","89","-7.4",,"-14.2","23",,"0.005"
"JTOUSDT","CTRL","32.8","06-25 18:00","961","15.6","21.5","0.73","0.69","50",,,"-23.9","24",,"0.0034"
"1000SATSUSDT","CTRL","11.3","06-18 17:00","956","11",,,,"21",,,"-11","21",,"0.005"
"AUCTIONUSDT","CTRL","10.6","06-26 02:00","953","17.2","7.1","2.43","1.72","23",,,"-19.8","21",,"0.0041"
"1000RATSUSDT","CTRL","28.8","06-24 07:00","953","14.8","8.7","1.7","0.65","30",,,"-16.9","20",,"0.0051"
"ACEUSDT","CTRL","122","07-19 10:00","951","36.6","4.1","8.9","12.91","14","-15.9","-16.4","-41.6","16","73.8","-0.0305"
"MOVRUSDT","CTRL","18","07-05 16:00","943","12.3","11.7","1.05","2.08","53","3.8",,"-12.8","22","-5.9","0.005"
"XAIUSDT","CTRL","10.3","06-20 05:00","928","6.4",,,,"38",,,"-9.6","27",,"0.0023"
"WIFUSDT","CTRL","20.5","06-26 15:00","919","12.8","9.8","1.31","1.44","48",,,"-19.2","23",,"-0.0033"
"MANTAUSDT","CTRL","80.9","06-27 15:00","919","13.1","9.1","1.44","2.18","28",,,"-8.4","22",,"0.005"
"ONDOUSDT","CTRL","18.6","07-20 14:00","917","5.9","7.8","0.75","0.65","47","4.9","0.5","-12.2","23","-5.7","-0.0043"
"LSKUSDT","CTRL","11","06-26 05:00","912","11.2","10.6","1.05","0.87","40",,,"-16.7","21",,"-0.0027"
"ALTUSDT","CTRL","10.6","07-09 14:00","912","7.5","11.6","0.65","0.62","40","10.6",,"-16.9","26","-0.4","0.005"
"JUPUSDT","CTRL","18.9","06-30 12:00","906","10.6","14.6","0.73","0.55","9","1.4",,"-14.5","19",,"-0.0056"
"ZETAUSDT","CTRL","13.7","06-26 02:00","905","18","12","1.5","1.25","17",,,"-20.1","23",,"0.0028"
"RONINUSDT","CTRL","10.7","06-19 11:00","901","16",,,,"7",,,"-13.6","22",,"0.0046"
"DYMUSDT","CTRL","15.1","07-03 15:00","900","5.8","19.7","0.3","0.58","62","-7.2",,"-24.9","23",,"0.005"
"PIXELUSDT","CTRL","14.2","07-01 01:00","887","9.8","12","0.81","0.74","8","-21.1",,"-22.9","17",,"0.0032"
"STRKUSDT","CTRL","9.3","06-28 21:00","886","6.4","5.6","1.15","0.92","22","-19",,"-24.6","19",,"0.0027"
"GLMUSDT","CTRL","18.7","06-29 16:00","885","9.9","6.2","1.6","1.38","22","-15.4",,"-16.2","19",,"-0.0483"
"PORTALUSDT","CTRL","22.5","06-17 10:00","877","55.8",,,,"36",,,"-22.9","21",,"-0.2746"
"AXLUSDT","CTRL","6.4","06-26 02:00","876","12","12.6","0.95","0.99","40",,,"-18.9","25",,"0.0044"
"METISUSDT","CTRL","15.6","06-19 09:00","866","8.6",,,,"40",,,"-4.8","23",,"0.005"
"AEVOUSDT","CTRL","14","06-28 09:00","864","6.2","12","0.51","0.57","38","-13.3",,"-17.3","18",,"0.005"
"VANRYUSDT","CTRL","80","07-04 11:00","864","28.1","9.6","2.93","4.17","59","-14.4",,"-22.5","20",,"0.005"
"BOMEUSDT","CTRL","8.6","06-26 02:00","862","9.7","13","0.75","1.36","36",,,"-18.7","19",,"0.0024"
"ETHFIUSDT","CTRL","21.1","07-03 19:00","859","19.2","19.5","0.98","1.07","84","7",,"-7.1","29",,"0.0048"
"ENAUSDT","CTRL","11.6","06-16 17:00","845","15",,,,"47",,,"-6.9","25",,"0.0035"
"WUSDT","CTRL","17.4","06-20 08:00","843","10.3",,,,"33",,,"-9.8","22",,"0.005"
"TNSRUSDT","CTRL","83.6","06-20 08:00","838","6.2",,,,"37",,,"-15.5","24",,"0.005"
"SAGAUSDT","CTRL","24.4","06-20 18:00","838","6.3",,,,"77",,,"-9.1","26",,"0.005"
"TAOUSDT","CTRL","8.9","07-01 13:00","835","7.6","10.2","0.74","0.85","9","-22.4",,"-32.5","21",,"0.0005"
"REZUSDT","CTRL","17.5","06-25 13:00","816","14.5","10","1.46","0.66","28",,,"-16.5","21",,"0.005"
"BBUSDT","CTRL","9.1","06-25 13:00","804","13","9.3","1.4","1.24","22",,,"-21.5","17",,"0.0049"
"NOTUSDT","CTRL","10.8","07-03 11:00","800","6.3","12.2","0.51","0.8","94","-0.5",,"-21.4","29",,"0.0048"
"TURBOUSDT","CTRL","16.8","06-28 06:00","786","7.3","5.3","1.39","0.9","72",,,"-15.4","21",,"0.0041"
"IOUSDT","CTRL","14.2","06-20 11:00","774","16.2",,,,"66",,,"-7.9","26",,"0.0035"
"ZKUSDT","CTRL","8.7","07-01 12:00","769","8.5","14.2","0.6","0.82","27","-14.4",,"-21.8","21",,"0.005"
"MEWUSDT","CTRL","13.4","06-26 02:00","768","11.1","10.9","1.02","1.07","52",,,"-21.4","21",,"0.005"
"LISTAUSDT","CTRL","15.1","07-21 15:00","766","8.4","9.7","0.87","0.97","68","-3.4","-11.8","-17.6","25","-3.1","0.005"
"ZROUSDT","CTRL","13.5","07-05 20:00","765","7.1","10.8","0.66","0.68","56","-0.8",,"-25","26","0.9","0.005"
"RENDERUSDT","CTRL","10.3","06-26 02:00","730","11.8","9.5","1.25","1.14","29",,,"-20","20",,"0.0027"
"BANANAUSDT","CTRL","24.8","07-06 14:00","710","9.6","12.2","0.78","0.67","20","4",,"-9.1","21","-5","0.005"
"RAREUSDT","CTRL","32.8","06-19 09:00","709","9.1",,,,"11",,,"-9.6","20",,"0.0015"
"GUSDT","CTRL","42","06-25 01:00","710","37","5","7.41","60.55","50",,,"-13.5","25",,"-0.0147"
"SYNUSDT","CTRL","127.9","06-17 14:00","709","34",,,,"92",,,"-1.9","27",,"-0.1473"
"BRETTUSDT","CTRL","13.1","06-16 16:00","705","9.3",,,,"24",,,"-6.5","22",,"-0.0062"
"POPCATUSDT","CTRL","24.8","06-23 00:00","702","16.9",,,,"5",,,"-13.8","21",,"0.0043"
"SUNUSDT","CTRL","6.4","07-05 03:00","702","3.1","2","1.57","0.65","67","-2.1",,"-3.8","24",,"0.0036"
"DOGSUSDT","CTRL","27.7","07-03 09:00","699","8.8","12.3","0.71","0.67","77","0.4",,"-19.3","25",,"0.005"
"FLUXUSDT","CTRL","7.7","07-03 15:00","691","7.7","9.6","0.8","1.18","76","-7.7",,"-17.9","25",,"0.0045"
"RPLUSDT","CTRL","47.5","07-04 00:00","685","56.6","36.7","1.54","4.51","23","23.7",,"-27.8","21",,"-0.1188"
"POLUSDT","CTRL","7.1","06-25 13:00","681","10.6","5.6","1.88","1.03","11",,,"-14.4","20",,"0.0002"
"1MBABYDOGEUSDT","CTRL","16.1","07-10 21:00","678","3.4","7.2","0.48","0.68","64","0.6",,"-17.1","24","4.5","0.0031"
"NEIROUSDT","CTRL","10.8","06-25 13:00","678","12","9.3","1.3","0.81","43",,,"-18.2","22",,"-0.001"
"FIDAUSDT","CTRL","14","06-22 00:00","675","6.3",,,,"2",,,"-19.9","19",,"-0.1964"
"CATIUSDT","CTRL","13.4","06-19 19:00","674","3.3",,,,"1",,,"-3.3","21",,"0.005"
"HMSTRUSDT","CTRL","101.8","07-03 11:00","668","9.7","28.7","0.34","0.56","84","25.5",,"-9.6","25",,"0.0027"
"EIGENUSDT","CTRL","24.8","06-19 10:00","663","19",,,,"52",,,"-7.7","24",,"0.0005"
"DIAUSDT","CTRL","13.8","07-24 22:00","662","5.4","5.1","1.07","1.08","13","-9","-7.9","-24.7","18","-1.1","0.005"
"1000CATUSDT","CTRL","19.6","07-25 00:00","643","4.7","4.6","1.02","0.64","17","-4.9","-1.9","-21.9","19","-2.7","-0.0001"
"SCRUSDT","CTRL","11","07-01 03:00","642","9.3","14.6","0.63","0.52","34","-20",,"-23.8","26",,"0.0007"
"GOATUSDT","CTRL","13.9","06-26 02:00","639","13.8","10.2","1.35","1.28","40",,,"-17.7","22",,"0.005"
"MOODENGUSDT","CTRL","12.5","06-25 18:00","639","15","11.6","1.28","1.5","58",,,"-15.1","22",,"0.0039"
"SAFEUSDT","CTRL","18.4","06-25 03:00","639","13","6.7","1.94","0.89","22",,,"-22.2","19",,"0.005"
"SANTOSUSDT","CTRL","15.3","07-13 23:00","635","8.8","6.9","1.29","0.95","6","-10.4",,"-27","18","0.7","0.0047"
"COWUSDT","CTRL","7.1","07-14 03:00","626","5.4","8.4","0.64","0.58","28","-5.4",,"-19.8","22","-2.8","-0.0006"
"CETUSUSDT","CTRL","7.5","06-28 22:00","626","4.8","5.6","0.86","0.71","8","-13.2",,"-17.9","19",,"0.0034"
"1000000MOGUSDT","CTRL","8.8","07-02 13:00","626","8","9.5","0.85","0.93","96","-6.3",,"-13.4","26",,"0.0031"
"GRASSUSDT","CTRL","18.5","06-26 12:00","624","23.3","33.2","0.7","2.11","37",,,"-14.7","20",,"0.005"
"DRIFTUSDT","CTRL","35.2","06-20 21:00","624","8",,,,"52",,,"-13.9","20",,"0.005"
"ACTUSDT","CTRL","81.2","06-27 12:00","622","12.8","35.9","0.36","0.29","99",,,"-31.3","20",,"0.005"
"PNUTUSDT","CTRL","9.5","06-26 02:00","622","16.4","10.1","1.62","1.64","22",,,"-16.5","18",,"0.0009"
"BANUSDT","CTRL","13.7","06-21 11:00","615","5.1",,,,"14",,,"-16.7","26",,"0.005"
"AKTUSDT","CTRL","8.4","07-02 18:00","615","6.4","15.7","0.41","0.91","57","-17",,"-32.7","22",,"0.005"
"SCRTUSDT","CTRL","21.9","06-25 13:00","612","19.1","8.2","2.34","1.54","30",,,"-23.3","23",,"0.005"
"1000CHEEMSUSDT","CTRL","9.5","06-25 16:00","608","12.1","11.1","1.08","0.95","37",,,"-22.8","21",,"0.005"
"THEUSDT","CTRL","50.2","07-02 15:00","606","52.9","27.7","1.91","6.83","22","-19.5",,"-30.5","22",,"0.0064"
"MORPHOUSDT","CTRL","14.6","07-01 05:00","605","9.2","18.4","0.5","1.1","94","-1.3",,"-6.2","28",,"0.0019"
"KAIAUSDT","CTRL","8.3","06-25 13:00","598","17.7","8.8","2","2.38","30",,,"-14.2","19",,"-0.0046"
"AEROUSDT","CTRL","16.9","06-19 22:00","598","17.7",,,,"76",,,"-8.5","23",,"0.005"
"ACXUSDT","CTRL","14.4","06-26 02:00","596","4.5","6.4","0.7","0.92","14",,,"-12.8","19",,"0.0043"
"ORCAUSDT","CTRL","10.1","06-25 19:00","596","11","11.6","0.95","0.46","24",,,"-15.7","20",,"-0.0091"
"MOVEUSDT","CTRL","10.6","06-24 17:00","593","13.5","11.8","1.14","0.61","12",,,"-19.3","17",,"-0.0152"
"RAYSOLUSDT","CTRL","20.9","07-01 10:00","593","11.1","9.5","1.17","0.82","58","1.5",,"-7.1","23",,"0.0033"
"KOMAUSDT","CTRL","25.9","06-16 11:00","593","29.7",,,,"44",,,"-12.7","27",,"0.0352"
"VIRTUALUSDT","CTRL","18.5","07-10 00:00","593","4.1","10.9","0.38","0.75","64","1.5",,"-21.3","23","0.6","-0.0086"
"SPXUSDT","CTRL","17.9","06-16 16:00","592","24.5",,,,"80",,,"-4","24",,"-0.0173"
"MEUSDT","CTRL","16.6","07-01 05:00","592","8.9","16.9","0.53","0.72","67","-9.9",,"-15.3","20",,"-0.0206"
"AVAUSDT","CTRL","9.7","06-30 22:00","589","5.9","9.8","0.6","0.88","12","-18.8",,"-23.7","21",,"0.005"
"VELODROMEUSDT","CTRL","19.3","06-22 04:00","589","16",,,,"41",,,"-8.2","21",,"0.005"
"MOCAUSDT","CTRL","13.3","07-09 02:00","587","9.7","7.6","1.28","0.92","17","0.5",,"-17.2","16","3.6","0.005"
"VANAUSDT","CTRL","8.8","06-28 12:00","586","8.4","5.7","1.48","0.95","38","-3.3",,"-12","22",,"0.0044"
"PENGUUSDT","CTRL","11.6","06-26 02:00","585","14.1","14","1","1.18","30",,,"-22.9","23",,"-0.01"
"LUMIAUSDT","CTRL","32.8","07-16 08:00","585","13.9","22.1","0.63","1.57","42","-37.6","-17.9","-50","24","-5.4","-0.0016"
"USUALUSDT","CTRL","10.4","06-28 09:00","584","6.1","8.2","0.74","0.69","54","-13.7",,"-17.1","16",,"0.0017"
"AIXBTUSDT","CTRL","8.2","06-18 17:00","582","14.1",,,,"15",,,"-13.8","24",,"0.0049"
"FARTCOINUSDT","CTRL","21.3","07-02 06:00","582","10.9","18.6","0.58","0.93","32","7.6",,"-7.5","23",,"0.0052"
"KMNOUSDT","CTRL","17.3","06-18 17:00","582","11.9",,,,"14",,,"-14.6","22",,"0.005"
"CGPTUSDT","CTRL","12.9","06-25 13:00","582","14.2","6.7","2.13","1.28","45",,,"-21.1","23",,"0.005"
"HIVEUSDT","CTRL","8.2","06-26 02:00","580","8.6","8.9","0.96","0.99","62",,,"-10.4","25",,"-0.0029"
"DEXEUSDT","CTRL","181.2","07-24 07:00","579","272.8","26.1","10.44","2.72","23","-94.2","-90.9","-95.8","19","168.4","-0.8282"
"PHAUSDT","CTRL","15.3","07-18 00:00","573","9.3","7.3","1.27","1.03","17","-17","-39.3","-45.2","18","3.4","0.0037"
"GRIFFAINUSDT","CTRL","17.5","06-25 13:00","569","16.1","12.7","1.27","0.7","18",,,"-17.9","22",,"0.005"
"ZEREBROUSDT","CTRL","49.1","06-17 21:00","569","31.7",,,,"99",,,"-0.3","24",,"0.0059"
"BIOUSDT","CTRL","19.4","06-16 15:00","569","11.4",,,,"9",,,"-9.3","22",,"0.0029"
"COOKIEUSDT","CTRL","29.4","06-27 15:00","565","8","7.6","1.05","0.58","60",,,"-18.3","20",,"0.0035"
"ALCHUSDT","CTRL","15.9","06-24 09:00","565","13.8","21.8","0.64","0.46","7",,,"-19.3","16",,"0.0063"
"SWARMSUSDT","CTRL","15.4","06-18 07:00","565","18.3",,,,"60",,,"-6.2","22",,"0.0097"
"SONICUSDT","CTRL","11.3","07-01 06:00","564","12.4","9.7","1.27","0.85","23","-13.7",,"-16.4","20",,"-0.0013"
"SUSDT","CTRL","36.6","06-27 15:00","556","6.5","20.8","0.31","0.48","77",,,"-40.4","18",,"-0.0031"
"SOLVUSDT","CTRL","21","07-18 13:00","555","5.2","6","0.86","0.68","20","-16","-22.3","-28.4","24","0.7","0.005"
"ARCUSDT","CTRL","17.2","06-17 01:00","554","14.7",,,,"16",,,"-13.6","20",,"0.0037"
"TRUMPUSDT","CTRL","10.1","07-17 12:00","553","5.7","3.9","1.45","1.39","21","-12.7","-18.7","-27","20","-1.9","-0.0005"
"MELANIAUSDT","CTRL","10.2","07-02 19:00","552","8.4","13.4","0.63","0.95","82","-4.3",,"-13.3","24",,"0.005"
"VTHOUSDT","CTRL","6.4","06-25 13:00","550","7.9","5.9","1.34","1.07","49",,,"-13.7","20",,"0.005"
"ANIMEUSDT","CTRL","14.2","06-28 07:00","548","9.2","20.7","0.45","0.41","54",,,"-21","23",,"0.0009"
"PIPPINUSDT","CTRL","26.9","07-02 03:00","548","11.2","20.7","0.54","0.78","67","-3.1",,"-12.6","19",,"0.0177"
"VVVUSDT","CTRL","20.6","06-24 17:00","543","26.9","15.1","1.78","0.86","0",,,"-28.6","12",,"-0.0247"
"BERAUSDT","CTRL","12.1","07-01 09:00","534","10.3","14","0.74","0.69","24","-20.5",,"-26.7","21",,"0.0046"
"TSTUSDT","CTRL","17.5","06-16 20:00","531","47.2",,,,"16",,,"-30.9","14",,"0.005"
"LAYERUSDT","CTRL","31.6","06-21 11:00","529","5.4",,,,"79",,,"-9.2","21",,"0.0022"
"HEIUSDT","CTRL","71.3","06-23 00:00","528","27.6",,,,"4",,,"-45","20",,"0.0009"
"GPSUSDT","CTRL","20.9","07-01 19:00","523","4.8","5.5","0.88","0.74","31","-1.5",,"-12.2","25",,"0.005"
"SHELLUSDT","CTRL","12.5","06-30 23:00","523","6.5","13.2","0.49","1.02","16","-19.9",,"-24.7","25",,"0.0019"
"REDUSDT","CTRL","16.7","07-01 07:00","506","8.2","24.9","0.33","0.7","28","-9.5",,"-26.4","17",,"0.005"
"VICUSDT","CTRL","18.8","07-01 01:00","500","13.5","23.7","0.57","0.35","2","-3.8",,"-20.4","21",,"-0.0076"
"BMTUSDT","CTRL","11","06-30 23:00","495","9.2","11","0.84","1.05","13","-14.1",,"-18.8","19",,"0.0014"
"MUBARAKUSDT","CTRL","14.1","07-16 08:00","495","8","7.3","1.1","0.74","9","10.5","8.7","-13.9","17","-12.3","0.0044"
"FORMUSDT","CTRL","10.2","07-19 11:00","494","8.9","6.6","1.34","1.33","54","-18.4","-20.7","-29.1","28","-0.5","0.0047"
"TUTUSDT","CTRL","21.1","07-10 14:00","493","17.1","6.1","2.8","1.41","84","-2.4",,"-6.3","24","8.9","0.005"
"BROCCOLI714USDT","CTRL","14.6","06-20 12:00","492","9",,,,"26",,,"-13.7","25",,"0.005"
"BROCCOLIF3BUSDT","CTRL","57","06-30 23:00","492","13.2","9.8","1.35","0.35","6","-8.7",,"-18.1","20",,"0.0278"
"SIRENUSDT","CTRL","23","07-19 21:00","491","15.6","15.5","1","1","18","-25.4","-36.3","-68.9","19","4.8","0.0351"
"BANANAS31USDT","CTRL","19.3","07-08 20:00","491","22.4","11.3","1.98","1.06","10","-15.6",,"-35.8","17","-4","0.005"
"BRUSDT","CTRL","23.5","06-22 14:00","491","13.9",,,,"25",,,"-36.6","24",,"0.0081"
"PLUMEUSDT","CTRL","11","07-20 13:00","491","7.6","9","0.84","0.54","57","-2.3","-4.1","-15.1","19","-1.4","0.0046"
"NILUSDT","CTRL","15.1","07-03 05:00","488","10.9","16.6","0.66","1.17","76","-13",,"-23.6","22",,"0.005"
"PARTIUSDT","CTRL","13.6","06-24 20:00","487","33.5","16.6","2.02","1.36","2",,,"-26.9","20",,"0.005"
"JELLYJELLYUSDT","CTRL","12.7","06-16 13:00","486","60.4",,,,"2",,,"-36.8","24",,"0.0149"
"MAVIAUSDT","CTRL","17.1","06-24 17:00","486","16.2","7.6","2.13","2.15","90",,,"-6.5","23",,"0.005"
"PAXGUSDT","CTRL","3.2","07-02 01:00","486","4.3","6","0.71","1.94","63","-6.1",,"-7.4","22",,"0.0025"
"WALUSDT","CTRL","15.5","06-18 01:00","485","7.4",,,,"37",,,"-12.2","24",,"0.005"
"GUNUSDT","CTRL","19.4","07-03 10:00","481","17.8","16.9","1.05","1.14","32","-30.1",,"-40.6","22",,"0.005"
"ATHUSDT","CTRL","10.4","07-18 16:00","479","6.5","8.6","0.76","3.9","34","-6","-4.7","-16.6","22","8.7","0.005"
"BABYUSDT","CTRL","13.1","06-25 13:00","476","12.6","19.1","0.66","0.52","63",,,"-35.3","24",,"0.0026"
"PROMPTUSDT","CTRL","20.7","07-09 03:00","471","13.3","9.9","1.34","1.13","14","-9.5",,"-22.3","19","0.9","0.005"
"STOUSDT","CTRL","17.2","06-20 17:00","469","4",,,,"60",,,"-8","23",,"0.0048"
"FHEUSDT","CTRL","21.4","07-11 15:00","469","10.4","11.7","0.89","0.98","71","-10.1",,"-37.5","22","2.9","0.0126"
"KERNELUSDT","CTRL","13.2","07-20 06:00","468","10.1","7.7","1.3","1.65","3","-19.1","-33.9","-45.4","16","14.9","0.0024"
"WCTUSDT","CTRL","20.3","06-18 18:00","467","15.7",,,,"12",,,"-13.8","23",,"0.0049"
"INITUSDT","CTRL","11.1","06-21 10:00","466","8.9",,,,"15",,,"-12.5","23",,"0.005"
"DEEPUSDT","CTRL","19.3","07-01 12:00","460","13.3","12.4","1.07","0.72","31","-12.6",,"-18.2","20",,"0.005"
"HYPERUSDT","CTRL","12.6","06-26 02:00","459","16.2","12.4","1.31","1.88","29",,,"-14","19",,"0.0026"
"JSTUSDT","CTRL","9","06-19 10:00","454","10.2",,,,"1",,,"-9.2","25",,"0.0029"
"SIGNUSDT","CTRL","10.6","06-16 18:00","454","6.1",,,,"54",,,"-2.7","23",,"-0.0013"
"PUNDIXUSDT","CTRL","56.6","06-26 02:00","452","31.1","9.9","3.13","6.41","13",,,"-27.5","23",,"0.0008"
"CTKUSDT","CTRL","9.1","07-01 11:00","452","10","10.6","0.94","0.96","15","-20.4",,"-24.3","14",,"0.005"
"AIOTUSDT","CTRL","36.3","07-13 02:00","452","50","8","6.27","2.07","2","-28.8",,"-63.6","14","17.5","0.0139"
"DOLOUSDT","CTRL","17","06-20 01:00","451","10.1",,,,"55",,,"-4.2","21",,"0.0008"
"HAEDALUSDT","CTRL","15.8","07-01 12:00","451","8.1","11.2","0.72","1","26","-17.1",,"-23.1","25",,"0.0004"
"SXTUSDT","CTRL","41.9","07-10 18:00","450","7.5","18.7","0.4","0.7","36","-2.9",,"-17.6","20","-3.5","0.0017"
"ASRUSDT","CTRL","18.1","06-18 06:00","446","14.6",,,,"31",,,"-8.8","26",,"0.005"
"ALPINEUSDT","CTRL","19.9","07-14 07:00","446","7","5.6","1.25","0.89","42","-2.2",,"-18.7","19","2.2","0.0036"
"B2USDT","CTRL","53.3","07-24 05:00","445","79","13.9","5.67","48.54","12","-38.8","-38.7","-43.8","18","42.8","0.0085"
"SYRUPUSDT","CTRL","34","06-26 12:00","445","14.4","11","1.31","2.16","3",,,"-22.3","20",,"0.0041"
"DOODUSDT","CTRL","13.1","07-19 19:00","442","12.9","7.3","1.77","6.57","6","-8.6","-4.4","-17.9","16","4.5","-0.0059"
"OGUSDT","CTRL","9.2","07-05 11:00","440","3.9","5.9","0.66","1.25","54","-5.5",,"-11.5","19",,"0.0043"
"SKYAIUSDT","CTRL","68.2","07-08 03:00","439","77.8","38.8","2","0.9","1","-90.2",,"-93.3","23","-3","0.005"
"NXPCUSDT","CTRL","7.5","07-20 12:00","437","8.7","7.1","1.22","1.59","24","-10.4","-24.2","-34.7","20","5.2","0.0021"
"CVCUSDT","CTRL","9.9","06-26 05:00","436","10.8","12.4","0.87","1.04","22",,,"-19.5","20",,"0.0046"
"AGTUSDT","CTRL","113","06-16 19:00","432","19",,,,"3",,,"-20.7","19",,"0.0075"
"AWEUSDT","CTRL","17.8","06-25 02:00","431","11.3","9.1","1.24","3.31","45",,,"-5.6","23",,"0.0028"
"BUSDT","CTRL","64.9","07-18 08:00","429","8.6","78.3","0.11","0.04","54","-47.4","-49.3","-59.4","25","-2.4","0.005"
"SOONUSDT","CTRL","10.6","06-20 11:00","429","6.7",,,,"58",,,"-11.6","21",,"0.0051"
"HUMAUSDT","CTRL","20.7","06-25 04:00","425","12.1","7.4","1.63","1.01","46",,,"-15.1","21",,"0.005"
"AUSDT","CTRL","12.1","07-04 07:00","424","7.7","9.1","0.85","0.85","63","1",,"-12.9","24",,"0.0046"
"SOPHUSDT","CTRL","7.3","06-23 09:00","423","9.7","5.8","1.67","0.74","18",,,"-11.5","21",,"0.005"
"MERLUSDT","CTRL","17.5","06-25 20:00","423","33.4","13.1","2.55","2.04","11",,,"-34","20",,"0.0049"
"HYPEUSDT","CTRL","11.1","06-28 21:00","422","5.5","6.2","0.88","0.5","14","-1.7",,"-19.6","24",,"-0.0008"
"1000000BOBUSDT","CTRL","31.5","06-21 13:00","416","4.2",,,,"4",,,"-11.9","17",,"-0.0003"
"LAUSDT","CTRL","33.8","07-20 05:00","416","5.5","13.3","0.41","0.67","4","-18.1","-32.2","-38.1","15","-1","0.0006"
"HOMEUSDT","CTRL","40","06-17 09:00","411","24.3",,,,"45",,,"-12","20",,"-0.1951"
"RESOLVUSDT","CTRL","68.2","06-20 16:00","410","10.8",,,,"55",,,"-20.3","24",,"0.0021"
"TAIKOUSDT","CTRL","495.7","06-30 23:00","410","50.7","47.9","1.06","8.03","50","-10",,"-19.8","28",,"-0.225"
"SQDUSDT","CTRL","35.2","06-16 10:00","409","13.5",,,,"36",,,"-7.6","24",,"0.005"
"PUMPBTCUSDT","CTRL","20.9","07-01 09:00","408","11.6","15","0.77","0.71","37","-20.3",,"-24.4","23",,"0.0096"
"SPKUSDT","CTRL","17.4","06-24 17:00","404","14.9","12.5","1.19","0.59","9",,,"-24.7","16",,"0.0043"
"MYXUSDT","CTRL","49.4","06-26 10:00","403","49.3","33","1.49","1.09","17",,,"-58.2","21",,"0.0055"
"FUSDT","CTRL","10.7","07-09 16:00","402","7.6","11.3","0.68","0.72","37","0",,"-21.6","20","1.4","0.005"
"NEWTUSDT","CTRL","9","06-19 04:00","401","10.4",,,,"14",,,"-10.6","23",,"0.005"
"HUSDT","CTRL","48","06-17 19:00","396","157.2",,,,"16",,,"-72.2","23",,"0.005"
"SAHARAUSDT","CTRL","22.2","06-23 09:00","395","17.9","12.1","1.47","0.85","11",,,"-27.4","18",,"-0.0621"
"ICNTUSDT","CTRL","47.8","06-25 13:00","387","25.1","16.3","1.54","1.27","37",,,"-22.8","23",,"0.0043"
"IDOLUSDT","CTRL","86.9","06-24 18:00","387","32","6.9","4.62","1.11","9",,,"-51.9","24",,"0.005"
"PUMPUSDT","CTRL","23.6","07-19 02:00","381","7.2","11.7","0.62","0.54","42","8.1","15","-7.5","25","2","0.0042"
"CROSSUSDT","CTRL","11.4","07-04 09:00","381","7.2","7.3","0.99","0.99","8","-12.1",,"-24.3","19",,"0.005"
"AINUSDT","CTRL","62.9","06-25 04:00","381","12.1","34.3","0.35","0.61","24",,,"-38","20",,"0.005"
"CUSDT","CTRL","12.9","07-14 03:00","376","10","11.1","0.9","0.53","9","-17.5",,"-39.9","19","0.4","0.005"
"VELVETUSDT","CTRL","163.6","06-26 11:00","376","38.2","93.6","0.41","0.22","87",,,"-16.7","26",,"0.0128"
"TACUSDT","CTRL","174.5","06-28 18:00","376","23","12.5","1.83","0.85","34","29.5",,"-17.2","23",,"0.0147"
"ERAUSDT","CTRL","68.7","07-20 05:00","373","11.9","19.4","0.61","1.36","4","-27.1","-31.8","-42.5","16","17.4","-0.0331"
"TAUSDT","CTRL","22.1","07-02 18:00","370","22.3","24.7","0.9","2.04","23","7.2",,"-14.1","25",,"0.0117"
"CVXUSDT","CTRL","13.7","07-13 12:00","368","6.5","4.9","1.33","0.79","22","12.5",,"-14.3","23","-1.9","0.004"
"SLPUSDT","CTRL","24.5","07-02 21:00","368","52.5","12.2","4.32","11.4","16","-2.8",,"-29","26",,"-0.0013"
"ZORAUSDT","CTRL","9.4","07-01 08:00","366","13.3","14","0.95","0.68","18","-20.4",,"-24.4","19",,"-0.0004"
"TAGUSDT","CTRL","98.6","07-08 15:00","366","123.7","13.6","9.09","4.72","14","-45.7",,"-62.8","19","6.9","0.005"
"TREEUSDT","CTRL","34.2","07-20 06:00","361","11.6","10.7","1.08","0.95","8","-18.8","-24.9","-29.6","20","2.9","-0.0245"
"PLAYUSDT","CTRL","27.7","06-16 13:00","360","37.5",,,,"68",,,"-10.6","28",,"0.032"
"NAORISUSDT","CTRL","33.8","06-21 01:00","360","11.4",,,,"39",,,"-15.2","21",,"0.0099"
"TOWNSUSDT","CTRL","18.9","06-29 21:00","354","6.3","10.2","0.62","0.52","65","-18.7",,"-22.1","23",,"0.005"
"PROVEUSDT","CTRL","9.6","07-20 06:00","354","4.9","5","0.99","0.66","11","-3.7","-11.5","-14.7","19","2.1","0.0026"
"ALLUSDT","CTRL","6","06-25 13:00","354","8.5","4.8","1.75","1.05","58",,,"-9.3","24",,"0.0047"
"INUSDT","CTRL","96.9","06-29 15:00","353","28.3","22.5","1.26","1.75","91","66.3",,"-2","25",,"0.0277"
"CARVUSDT","CTRL","28.7","06-25 20:00","352","33.8","11.8","2.86","9.68","28",,,"-27.2","26",,"0.005"
"AIOUSDT","CTRL","23.7","07-10 05:00","347","9.3","12","0.78","0.61","90","-18.7",,"-32.2","26","0.4","0.005"
"XNYUSDT","CTRL","34.5","06-29 23:00","347","10.1","14.3","0.71","0.84","16","-13.5",,"-18.4","21",,"0.0164"
"USELESSUSDT","CTRL","20.1","06-25 13:00","345","15.4","16.8","0.91","0.62","69",,,"-14.2","24",,"0.005"
"SAPIENUSDT","CTRL","12","06-19 17:00","339","8.2",,,,"56",,,"-10.9","23",,"0.005"
"XPLUSDT","CTRL","31.1","06-16 15:00","338","17.4",,,,"55",,,"-6.8","25",,"0.005"
"WLFIUSDT","CTRL","14.1","07-22 11:00","337","2.8","3.9","0.7","1.08","36","-2.1","-4.6","-11.3","21","2.2","0.005"
"SOMIUSDT","CTRL","18.5","07-06 05:00","335","5.1","9.8","0.52","0.55","6","-4.9",,"-12.6","21","2.4","0.005"
"BASUSDT","CTRL","50.1","07-03 16:00","333","107.9","52.9","2.04","0.83","22","-6",,"-54.5","23",,"-0.023"
"BTRUSDT","CTRL","50.2","06-20 04:00","333","10.8",,,,"7",,,"-17.5","20",,"0.005"
"MITOUSDT","CTRL","41.7","06-16 18:00","331","18.5",,,,"81",,,"-15.2","26",,"0.005"
"HEMIUSDT","CTRL","73.6","07-19 20:00","331","12.6","8.3","1.52","1.34","47","-2.4","-15.8","-29.6","28","3.2","0.005"
"LINEAUSDT","CTRL","7.9","07-13 01:00","328","5.7","6.4","0.89","0.65","16","3.9",,"-12.4","20","-3.8","0.0025"
"QUSDT","CTRL","25.5","07-25 00:00","327","6.2","8.6","0.72","0.66","44","-2.4","13.3","-15.8","27","0.4","0.005"
"ARIAUSDT","CTRL","42","07-18 13:00","326","9.9","7.4","1.34","0.87","26","-19","-24.2","-31.8","19","0.7","0.005"
"TAKEUSDT","CTRL","20.9","07-03 13:00","326","12.2","12.9","0.95","1.93","64","-1.6",,"-13.5","26",,"0.005"
"PTBUSDT","CTRL","37.3","07-01 03:00","326","8.8","13","0.67","1.01","46","-10",,"-23.5","27",,"0.0188"
"OPENUSDT","CTRL","9.6","06-18 15:00","320","22.3",,,,"2",,,"-17.8","21",,"0.005"
"FLOCKUSDT","CTRL","30.9","07-15 08:00","320","6.9","11","0.62","1.05","69","-0.5","-22.3","-25.1","25","2.2","0.005"
"SKYUSDT","CTRL","15","07-02 02:00","320","6.4","14.3","0.45","1.17","29","-8.3",,"-12.5","24",,"0.005"
"AVNTUSDT","CTRL","14.1","06-23 06:00","319","10.4",,,,"3",,,"-15.4","17",,"0.0027"
"HOLOUSDT","CTRL","10.7","07-02 07:00","318","7.8","7.4","1.06","0.59","57","-7.3",,"-10.4","23",,"0.005"
"XPINUSDT","CTRL","45","07-10 08:00","317","9.4","9.3","1.01","0.83","84","10.6",,"-2.7","22","2.3","0.0087"
"ZKCUSDT","CTRL","13.8","07-22 07:00","313","10.3","8.7","1.17","1.66","37","-3.1","-15","-36.4","23","-7.8","0.0024"
"TOSHIUSDT","CTRL","23.1","07-17 03:00","312","7.2","6.3","1.15","1.42","10","-7.5","-19.5","-23","24","12.3","0.004"
"STBLUSDT","CTRL","13.6","07-21 22:00","312","10","9.3","1.07","0.81","75","-5.4","-8.6","-22.5","22","4.1","0.005"
"0GUSDT","CTRL","19.8","07-14 12:00","311","11.8","5.8","2.04","1.16","13","-14.7","-41.4","-47.2","19","3.9","-0.0064"
"BARDUSDT","CTRL","13.1","07-22 09:00","311","6.7","4.7","1.44","0.49","37","-1.2","-20","-29","21","-3.8","-0.0153"
"ASTERUSDT","CTRL","19","06-16 14:00","310","9.6",,,,"78",,,"-2","25",,"0.005"
"TRADOORUSDT","CTRL","33.3","07-17 21:00","310","9.8","5.2","1.89","0.74","15","0.4","-19.9","-40.2","17","-2","0.0067"
"BLESSUSDT","CTRL","44.6","06-22 00:00","306","19",,,,"70",,,"-6.4","24",,"0.0119"
"FLUIDUSDT","CTRL","28.2","06-30 22:00","305","18.6","11.9","1.57","2.67","16","-27.8",,"-30.1","21",,"0.0045"
"COAIUSDT","CTRL","16.4","06-28 21:00","304","9.5","8.4","1.13","0.61","5","-26.5",,"-41.5","23",,"0.005"
"HANAUSDT","CTRL","32.8","07-19 11:00","303","8.7","5","1.73","0.47","85","-6.3","-5.3","-17.7","24","0.8","0.0174"
"MIRAUSDT","CTRL","25.6","07-03 12:00","303","31.4","12.9","2.43","9.02","50","-3.3",,"-24","28",,"-0.2058"
"ORDERUSDT","CTRL","12.8","07-23 19:00","302","11.1","10","1.11","3.16","54","-0.7","-7.2","-20.2","22","-6.8","0.002"
"LIGHTUSDT","CTRL","19.9","06-19 21:00","302","13.2",,,,"25",,,"-16.2","20",,"0.005"
"XANUSDT","CTRL","25","06-22 05:00","300","9.4",,,,"40",,,"-17.2","19",,"0.005"
"FFUSDT","CTRL","18","07-14 14:00","299","12.7","7.4","1.72","2.09","43","-9","-11.3","-19.8","24","0.6","0.005"
"EDENUSDT","CTRL","27.7","06-18 02:00","299","16.8",,,,"21",,,"-14.4","23",,"0.0045"
"NOMUSDT","CTRL","56.4","06-30 18:00","298","8.8","21.8","0.4","0.6","36","-20.1",,"-26.9","20",,"0.0012"
"TRUTHUSDT","CTRL","28.1","06-17 05:00","298","17.9",,,,"7",,,"-19","22",,"0.005"
"2ZUSDT","CTRL","29.1","06-20 16:00","297","16.8",,,,"12",,,"-12.7","25",,"0.0035"
"EVAAUSDT","CTRL","200.9","07-12 00:00","296","85.8","22.6","3.79","1.23","23","134",,"-51.2","26","3","0.0131"
"LYNUSDT","CTRL","20","07-17 18:00","293","9.9","6.4","1.55","2.67","75","1.9","-0.6","-16","26","3.9","0.0177"
"KGENUSDT","CTRL","26.1","06-26 22:00","291","15.2","18.5","0.82","1.34","66",,,"-7.8","23",,"0.005"
"4USDT","CTRL","27.8","07-04 23:00","291","13.1","12.9","1.01","1.08","67","17.5",,"-3.8","26",,"0.0127"
"GIGGLEUSDT","CTRL","17.6","07-05 00:00","290","11.2","9.8","1.14","1.51","84","1.5",,"-8.7","24",,"0.005"
"MONUSDT","CTRL","19.1","07-05 15:00","289","6","6.3","0.95","0.73","40","-2.4",,"-13.8","24","0.3","-0.0062"
"YBUSDT","CTRL","27.3","07-18 15:00","288","8","16.5","0.49","1.48","23","-3.4","-3.2","-24.6","19","-4.7","0.005"
"METUSDT","CTRL","36.6","06-19 00:00","288","12.2",,,,"16",,,"-13.9","20",,"0.0047"
"ENSOUSDT","CTRL","10.6","06-22 00:00","285","11.7",,,,"16",,,"-13.8","23",,"-0.0009"
"CLOUSDT","CTRL","57.1","06-17 05:00","285","111.8",,,,"3",,,"-51.3","20",,"0.027"
"RECALLUSDT","CTRL","16.8","06-24 05:00","284","12","12.5","0.96","0.52","17",,,"-20.4","21",,"0.005"
"ZBTUSDT","CTRL","42.3","06-30 11:00","282","7.5","14.7","0.51","0.64","6","-14.5",,"-26.6","22",,"0.005"
"LABUSDT","CTRL","174.5","07-04 01:00","281","106.5","28.2","3.77","1.12","8","-50.2",,"-70.4","22",,"-0.2781"
"RIVERUSDT","CTRL","12.2","07-02 20:00","281","7.2","24","0.3","0.83","54","-18.4",,"-27.2","24",,"0.0129"
"BLUAIUSDT","CTRL","35.3","07-08 01:00","278","15.2","10.8","1.4","1.74","48","1.5",,"-13.7","20","3","0.0174"
"TURTLEUSDT","CTRL","14.6","07-19 15:00","276","2.2","4.3","0.51","0.74","84","-7","-3.1","-12.9","22","4.9","0.0041"
"APRUSDT","CTRL","43.7","07-23 17:00","276","42.8","9.5","4.53","1.88","3","-24.1","-20.4","-36.4","21","0.4","0.0084"
"KITEUSDT","CTRL","24.5","07-12 08:00","270","10.6","13.8","0.77","0.53","2","-14.7",,"-43.9","20","0.6","0.0126"
"ATUSDT","CTRL","21.7","06-16 18:00","270","14.1",,,,"9",,,"-13.2","18",,"0.005"
"CCUSDT","CTRL","10","06-30 11:00","268","13.8","7.9","1.74","0.91","18","-16.2",,"-19.1","16",,"0.0015"
"MMTUSDT","CTRL","32.9","07-09 23:00","264","17.7","15.5","1.14","3.28","50","-13.2",,"-26.4","25","0.3","0.0039"
"TRUSTUSDT","CTRL","17.5","06-18 10:00","263","23.3",,,,"21",,,"-14.9","23",,"-0.0083"
"UAIUSDT","CTRL","33.5","07-08 03:00","262","25.7","14","1.83","2.16","36","3.8",,"-18.9","30","8.3","0.005"
"FOLKSUSDT","CTRL","48.3","06-22 07:00","262","23.8",,,,"4",,,"-32.8","18",,"0.0235"
"STABLEUSDT","CTRL","15.5","07-22 10:00","262","11","5","2.19","0.88","23","1.8","3.4","-9.4","26","-0.5","0.0043"
"JCTUSDT","CTRL","32.8","07-12 12:00","258","15.2","75.7","0.2","0.32","33","-32.9",,"-55","20","0.3","0.0113"
"ALLOUSDT","CTRL","50.2","07-01 23:00","256","28","15.1","1.85","0.39","6","-37.2",,"-50.6","20",,"0.005"
"CLANKERUSDT","CTRL","24.7","06-19 07:00","256","12.5",,,,"35",,,"-13.6","24",,"0.0183"
"BEATUSDT","CTRL","51.2","06-22 20:00","256","19.7",,,,"10",,,"-75.1","23",,"0.0134"
"PIEVERSEUSDT","CTRL","29.8","06-26 18:00","254","13.8","13.9","0.99","1.01","82",,,"-14","23",,"0.0063"
"SENTUSDT","CTRL","27.2","07-08 21:00","253","18.5","11.6","1.59","1.26","25","2.5",,"-34.5","21","-2.2","0.0024"
"IRYSUSDT","CTRL","10.6","07-20 05:00","241","8.7","9.1","0.96","0.61","10","-16.4","-27.9","-36.7","20","3.6","0.005"
"POWERUSDT","CTRL","56.7","07-07 19:00","232","15","20.7","0.73","1.19","47","-16.5",,"-23","23","-3.7","0.007"
"WETUSDT","CTRL","14.7","06-30 15:00","228","12.8","8.1","1.58","0.97","38","-0.4",,"-13.6","24",,"0.005"
"NIGHTUSDT","CTRL","37.5","07-21 00:00","228","83.6","7","12","8.83","25","-47","-42.9","-48.5","19","59","0.0046"
"CYSUSDT","CTRL","14.3","06-30 05:00","226","12.1","11.5","1.05","0.81","7","-28.5",,"-32.2","16",,"0.0055"
"RAVEUSDT","CTRL","81.1","06-28 06:00","223","37.2","8.7","4.28","2.99","70",,,"-19.5","26",,"0.005"
"ZKPUSDT","CTRL","32.3","07-02 04:00","217","6.3","21.4","0.29","0.77","84","-20.1",,"-28.7","22",,"0.005"
"GUAUSDT","CTRL","56.1","06-19 07:00","217","58.8",,,,"6",,,"-34.8","27",,"0.0058"
"LITUSDT","CTRL","22.9","07-05 03:00","214","14.1","15","0.94","0.67","69","36.8",,"-3.9","23",,"-0.0018"
"BREVUSDT","CTRL","54.5","07-01 08:00","208","11.3","20.2","0.56","0.25","25","-16",,"-26.4","22",,"0.005"
"COLLECTUSDT","CTRL","24.3","06-25 13:00","206","18.3","12.5","1.47","0.64","18",,,"-29.4","19",,"0.0054"
"MAGMAUSDT","CTRL","72.4","06-25 16:00","206","12","44.9","0.27","0.3","62",,,"-21.9","24",,"0.0056"
"FOGOUSDT","CTRL","29.8","06-24 21:00","196","21.8","5.6","3.87","1.5","25",,,"-16.7","20",,"0.005"
"FRAXUSDT","CTRL","10.1","07-17 03:00","192","9.9","5.5","1.8","1.13","45","4.7","-10","-15.5","23","12.3","-0.0023"
"SPORTFUNUSDT","CTRL","30.3","06-19 13:00","190","15.9",,,,"22",,,"-11.6","20",,"0.0129"
"AIAUSDT","CTRL","21.6","07-21 16:00","187","7.8","6.5","1.19","0.83","49","5.9","1.8","-8.8","25","0","0.0158"
"ACUUSDT","CTRL","22.6","06-24 17:00","185","11.1","11.2","0.99","0.68","4",,,"-17.5","15",,"0.005"
"ELSAUSDT","CTRL","14.2","07-10 09:00","185","11.1","15.8","0.7","1.37","72","21.7",,"-11.7","24","2.4","0.005"
"SKRUSDT","CTRL","13.4","06-25 13:00","185","12.5","5.9","2.12","1.32","52",,,"-30.2","24",,"-0.0013"
"SPACEUSDT","CTRL","8.3","07-24 13:00","184","8.7","7.6","1.14","1.08","53","1.6","-2.4","-28.7","31","7","0.005"
"FIGHTUSDT","CTRL","15.2","07-09 06:00","184","19.1","10.4","1.84","1.1","19","-16.1",,"-33.9","20","1.5","0.0117"
"BIRBUSDT","CTRL","74.9","07-01 04:00","178","13.3","10","1.33","0.89","15","-26",,"-33.5","16",,"0.005"
"GWEIUSDT","CTRL","69.1","06-28 11:00","178","16.7","13.5","1.24","0.59","68","-18.9",,"-22.7","28",,"0.0146"
"MEGAUSDT","CTRL","23.5","06-17 06:00","177","28.5",,,,"4",,,"-21.4","18",,"-0.0068"
"INXUSDT","CTRL","14.4","06-21 23:00","176","10.4",,,,"39",,,"-10.2","20",,"0.005"
"TRIAUSDT","CTRL","38.9","07-05 21:00","170","15.6","16.8","0.93","1.05","73","2.3",,"-28.8","27","1.1","0.0098"
"ESPUSDT","CTRL","20.2","06-29 15:00","166","6.9","4.1","1.67","0.72","53","-11.4",,"-14","20",,"-0.0018"
"AZTECUSDT","CTRL","10.9","07-20 05:00","165","13.7","13.4","1.02","1.57","32","-4.8","-11","-26.7","21","10","0.005"
"OPNUSDT","CTRL","16.9","07-09 23:00","154","13.2","8.2","1.62","0.75","74","3",,"-30.1","24","1.1","0.0048"
"ROBOUSDT","CTRL","14.8","07-18 20:00","149","16","7.3","2.19","1.38","5","-30.1","-46.6","-50","21","2.6","0.005"
"KATUSDT","CTRL","30.4","07-09 09:00","146","11.8","10.9","1.08","0.99","42","-7.5",,"-26.8","25","-1.1","0.004"
"MANTRAUSDT","CTRL","27.1","07-15 14:00","144","6.9","8.3","0.83","1.53","62","-4.3","-21.7","-26.1","27","-3.7","-0.005"
"CFGUSDT","CTRL","13.6","07-20 12:00","131","8.9","10","0.89","0.63","41","-13.5","-27.6","-33.4","23","-3","0.0031"
"EDGEUSDT","CTRL","66.9","07-07 13:00","128","44.2","10","4.4","5.99","96","-9.8",,"-21.6","28","39","0.0043"
"BSBUSDT","CTRL","48.5","07-13 17:00","123","29.3","23.4","1.25","0.81","5","-52.6",,"-82.6","17","-2.5","0.01"
"XAUTUSDT","CTRL","3.1","07-02 01:00","121","4.1","5.8","0.71","1.36","63","-5.9",,"-7.2","22",,"0.0026"
"BASEDUSDT","CTRL","41.9","06-18 02:00","118","16.8",,,,"39",,,"-10.7","25",,"0.005"
"PRLUSDT","CTRL","14.7","06-30 12:00","116","23.9","25.9","0.92","0.97","19","-9",,"-26","28",,"0.0052"
"GENIUSUSDT","CTRL","21.1","06-18 15:00","101","13",,,,"11",,,"-21.4","20",,"-0.0041"
"CHIPUSDT","CTRL","22.6","07-06 09:00","101","11.4","15.5","0.73","0.93","19","-13.5",,"-30.1","15","1.2","-0.0034"
"OPGUSDT","CTRL","29.3","07-06 04:00","94","8.4","16.7","0.5","0.46","48","-20.6",,"-62.6","20","-4.6","0.005"
"AIGENSYNUSDT","CTRL","73.4","06-29 05:00","87","8.9","10.5","0.86","0.59","97","-18.8",,"-20.5","28",,"0.005"
"BILLUSDT","CTRL","37.3","07-13 07:00","80","42.4","21.8","1.94","6.55","77","16.8",,"-35.9","33","35.7","0.0059"
"PHAROSUSDT","CTRL","23.6","07-22 01:00","73","9.1","13.2","0.69","0.43","54","-16.6","-40.3","-46.8","24","-9","-0.0039"
"STARUSDT","CTRL","36.3","07-02 02:00","73","22.3","21.5","1.04","1.73","0","-31.3",,"-38.4","15",,"-0.0009"
"CTRUSDT","CTRL","19.5","06-24 15:00","59","17.9","13.1","1.36","0.97","17",,,"-16.2","19",,"0.0056"
"SLXUSDT","CTRL","50.9","06-23 11:00","55","16.4","22.8","0.72","0.81","36",,,"-16","27",,"0.0408"
"ZESTUSDT","CTRL","28","06-21 08:00","51","5.4",,,,"12",,,"-10.5","22",,"0.0333"
"BTWUSDT","CTRL","130.6","06-19 18:00","51","93.5",,,,"97",,,"-22.3","27",,"0.1365"
"REUSDT","CTRL","45.4","07-23 07:00","37","37.5","14.8","2.53","4.46","72","-23.1","-44.3","-58","32","8.1","-0.0621"
"ARXUSDT","CTRL","18.5","06-26 12:00","33","29.2",,,,"56",,,"-41","23",,"-0.0174"
"OUSDT","CTRL","35.8","06-27 06:00","32","78.7",,,,"17",,,"-50.3","18",,"-0.137"
"CAPUSDT","CTRL","46.4","06-29 17:00","29","33.5",,,,"6",,,"-34.1","20",,"0.0053"
"GRAMUSDT","CTRL","9.8","07-21 02:00","24","5","5.7","0.88","0.8","44","-16.8",,"-22.5","21","7.7","-0.0155"
"DATAIPUSDT","CTRL","8.7","07-14 01:00","23","8.8","11.2","0.79","0.65","81",,,"-19.4","20","-0.6","-0.1333"
